홈데코 · 문구 · 취미 · 반려,취미/반려,악기/취미,공예용품,전등갓손잡이/한지전등갓/등 소 15cm,25277,0,#DIV/0!,,http://item.gmarket.co.kr/Item?goodscode=537945619,https://detail.1688.com/offer/587934185900.html,4인치/6인치/8인치/10인치 흰색 각 50개씩,한지전등갓,0
홈데코 · 문구 · 취미 · 반려,홈데코,꽃/이벤트용품,촛불이벤트용품,건전지양초 (건전지 끼워드림)전기초 안전양초 행사초,34525,0,#DIV/0!,,http://item.gmarket.co.kr/Item?goodscode=449161649,https://detail.1688.com/offer/553629422432.html,,건전지양초,0
홈데코 · 문구 · 취미 · 반려,홈데코,꽃/이벤트용품,응원용품,응원수술/응원도구/응원용품/막대풍선/다양한100종류,70740,8,8842.5,,http://item.gmarket.co.kr/Item?goodscode=204130668,,,
홈데코 · 문구 · 취미 · 반려,홈데코,꽃/이벤트용품,폭죽/불꽃놀이,LED 티라이트 5종/ 전자 촛불 양초 캔들 초 생일 파티,192898,34,5673.470588,,http://item.gmarket.co.kr/Item?goodscode=642385120,작은거 가지고 와야 함,,양초캔들,0
홈데코 · 문구 · 취미 · 반려,문구,문구/사무용품,홍보/안내/기념용품,아크릴쇼케이스 POP꽂이 아크릴꽂이 가격표꽂이 메뉴,46393,10,4639.3,,http://item.gmarket.co.kr/Item?goodscode=224658798,,,,0
홈데코 · 문구 · 취미 · 반려,문구,문구/사무용품,안내판/표지판,Y자형꽂이 T자형꽂이 메뉴꽂이 엽서꽂이 아크릴꽂이,11616,3,3872,,http://item.gmarket.co.kr/Item?goodscode=223538325,,,
홈데코 · 문구 · 취미 · 반려,취미/반려,악기/취미,드럼패드/스틱/페달,드럼스틱 /5A 5B 7A/연습용/난타북채/드럼연습/드럼채,17604,7,2514.857143,17609,http://item.gmarket.co.kr/Item?goodscode=262471925,,,
홈데코 · 문구 · 취미 · 반려,홈데코,가구/DIY,화장대/거울,붙이는 아크릴 안전거울 전신거울 욕실거울 벽거울,326831,197,1659.040609,326831,http://item.gmarket.co.kr/Item?goodscode=268634851,,,,11
홈데코 · 문구 · 취미 · 반려,홈데코,생활용품,바구니/바스켓,리빙바구니 사각 정리함 바스켓 빨래바구니 수납함,139925,97,1442.525773,139935,http://item.gmarket.co.kr/Item?goodscode=154982733,,,
홈데코 · 문구 · 취미 · 반려,홈데코,조명/인테리어,초/향초,티라이트 전자양초 전기초 전지포함 검수후 출고,41289,29,1423.758621,41289,http://item.gmarket.co.kr/Item?goodscode=327437202,,,,60
홈데코 · 문구 · 취미 · 반려,문구,문구/사무용품,홍보/안내/기념용품,부착용꽂이판 16종류 아크릴포켓 월프레임 게시판,18335,13,1410.384615,18335,http://item.gmarket.co.kr/Item?goodscode=222651822,,,,0
홈데코 · 문구 · 취미 · 반려,홈데코,꽃/이벤트용품,응원용품,막대풍선 응원 도구 용품 수술 깃발 손짝짝이,33718,24,1404.916667,,http://item.gmarket.co.kr/Item?goodscode=153377966,,,,0
홈데코 · 문구 · 취미 · 반려,홈데코,꽃/이벤트용품,크리스마스용품,LED연결크리스마스트리전구 100구연결 투명선-황색,33168,26,1275.692308,33178,http://item.gmarket.co.kr/Item?goodscode=323695549,,,,10
홈데코 · 문구 · 취미 · 반려,문구,문구/사무용품,메모꽂이/명함꽂이,평화 메모 홀더 알루미늄 꽂이 부착식 메모꽂이,12067,10,1206.7,,http://item.gmarket.co.kr/Item?goodscode=710734242,,,
홈데코 · 문구 · 취미 · 반려,문구,문구/사무용품,명찰/신분증케이스,목걸이명찰 (10개 묶음) 아크릴 스퀘어 집게 관광명찰,76905,64,1201.640625,,http://item.gmarket.co.kr/Item?goodscode=374925258,,,
홈데코 · 문구 · 취미 · 반려,홈데코,꽃/이벤트용품,토피어리,1+1반제품토피어리만들기 공기정화식물 토피어리재료,13411,13,1031.615385,,http://item.gmarket.co.kr/Item?goodscode=409547278,,,
홈데코 · 문구 · 취미 · 반려,문구,문구/사무용품,메모꽂이/명함꽂이,자석 메모홀더 메모꽂이 메모집게 명함 클립 집게 핀,40387,42,961.5952381,,http://item.gmarket.co.kr/Item?goodscode=133617021,,,
홈데코 · 문구 · 취미 · 반려,홈데코,꽃/이벤트용품,촛불이벤트용품,led 초 촛불 캔들 티라이트 파티용품 이벤트 풍선,21911,24,912.9583333,,http://item.gmarket.co.kr/Item?goodscode=1173673913,,,,0
홈데코 · 문구 · 취미 · 반려,홈데코,꽃/이벤트용품,마술용품,시즌1 이벤트 마술도구 프로포즈 마술용품 마술 카드,7982,9,886.8888889,,http://item.gmarket.co.kr/Item?goodscode=122792740,,,,0
스포츠 · 건강 · 렌탈,스포츠,구기/라켓,야구공,기본형 투명 야구공 케이스 보관 케이스 장식 싸인볼,146904,166,884.9638554,,http://item.gmarket.co.kr/Item?goodscode=512275929,,,
스포츠 · 건강 · 렌탈,스포츠,구기/라켓,테니스공,테니스공 의자발커버 소음방지 십자커팅 발커버,21206,24,883.5833333,,http://item.gmarket.co.kr/Item?goodscode=1199843469,,,,0
홈데코 · 문구 · 취미 · 반려,문구,문구/사무용품,명찰/신분증케이스,10개 명찰 목걸이 끈 단체 카드 집게 아크릴 줄 가죽,45793,58,789.5344828,,http://item.gmarket.co.kr/Item?goodscode=217252994,,,
홈데코 · 문구 · 취미 · 반려,홈데코,조명/인테리어,기타인테리어소품,액자걸이/와이어액자걸이 깔끔한 인테리어 소품,118086,167,707.1017964,,http://item.gmarket.co.kr/Item?goodscode=126603107,,,
홈데코 · 문구 · 취미 · 반려,홈데코,주방용품,접시정리대,주방용품 접시정리대/냄비받침/주방정리용품 접시꽂이,28980,43,673.9534884,,http://item.gmarket.co.kr/Item?goodscode=235058734,,,
스포츠 · 건강 · 렌탈,스포츠,등산/아웃도어,나침반,학습용 나침반(45 x 10mm)/나침판,9414,15,627.6,9414,http://item.gmarket.co.kr/Item?goodscode=719972518,,,,0
자동차 · 공구,공구,공구/안전/산업용품,디스크/페이퍼,마하 스펀지사포 60방 (1장) 국산정품,13341,23,580.0434783,,http://item.gmarket.co.kr/Item?goodscode=200418037,,,,0
자동차 · 공구,공구,공구/안전/산업용품,스프링쿨러,동명농자재/미니스프링쿨러/워터스틱/블루베리스틱,10208,18,567.1111111,,http://item.gmarket.co.kr/Item?goodscode=903277097,,,
홈데코 · 문구 · 취미 · 반려,문구,문구/사무용품,메모꽂이/명함꽂이,아크릴 명찰꽂이 이름표 사물함 락커 케이스 10x4.5cm,14200,28,507.1428571,,http://item.gmarket.co.kr/Item?goodscode=1698573068,,,,60
스포츠 · 건강 · 렌탈,스포츠,스포츠의류/운동화,아쿠아슈즈,HMUS 신상 온가족 커플 아쿠아슈즈,62474,132,473.2878788,,http://item.gmarket.co.kr/Item?goodscode=703461786,,,,0
홈데코 · 문구 · 취미 · 반려,홈데코,생활용품,양변기부속품,양변기 일반핸들 변기 부속품 부속 양부속 좌변기,11329,24,472.0416667,,http://item.gmarket.co.kr/Item?goodscode=761528132,,,,0
홈데코 · 문구 · 취미 · 반려,홈데코,주방용품,술잔,와인잔 대 플라스틱 일회용 다회용 와인컵 파티,40651,87,467.2528736,,http://item.gmarket.co.kr/Item?goodscode=1619792400,,,
컴퓨터 · 디지털 · 가전,가전,건강가전,기타찜질용품,WOHNEN 손난로 핫팩/붙이는핫팩/미니/군용/대용량,9734,21,463.5238095,,http://item.gmarket.co.kr/Item?goodscode=1543004410,,,,65
홈데코 · 문구 · 취미 · 반려,취미/반려,악기/취미,게임/퍼즐,대나무산가지/산가지놀이/전통놀이/전래놀이,15061,33,456.3939394,,http://item.gmarket.co.kr/Item?goodscode=275226156,,,
홈데코 · 문구 · 취미 · 반려,홈데코,꽃/이벤트용품,비누꽃,비누꽃 한송이비누장미 화이트데이 사탕부케,15466,34,454.8823529,,http://item.gmarket.co.kr/Item?goodscode=630930530,,,,20
홈데코 · 문구 · 취미 · 반려,홈데코,꽃/이벤트용품,파티가발/가면,홀로그램생일고깔모자(일반)꼬깔모자 백일 생일파티,11813,26,454.3461538,,http://item.gmarket.co.kr/Item?goodscode=965327194,,,,0
홈데코 · 문구 · 취미 · 반려,홈데코,생활용품,소품걸이,NEW 왕자 코트랙(선택형) 행거 스탠드 옷걸이,17953,40,448.825,,http://item.gmarket.co.kr/Item?goodscode=122057943,,,
홈데코 · 문구 · 취미 · 반려,홈데코,침구/커튼,기타수예용품,크리스마스 스트링아트 / 나무액자 우드공예 만들기,11249,26,432.6538462,,http://item.gmarket.co.kr/Item?goodscode=1696491987,,,
홈데코 · 문구 · 취미 · 반려,홈데코,생활용품,청소용품,학교빗자루 갈대비 수수빗자루 크린메이트A005,15543,37,420.0810811,,http://item.gmarket.co.kr/Item?goodscode=261688411,,,,0
자동차 · 공구,공구,공구/안전/산업용품,자석,칠판자석모음- 단추/장구/큐티/초강력자석/메모홀더,150121,362,414.698895,,http://item.gmarket.co.kr/Item?goodscode=230269853,,,,122
홈데코 · 문구 · 취미 · 반려,문구,문구/사무용품,캔버스/판넬,크리스마스 조명 무드등 만들기 diy 크리스마스소품,15528,38,408.6315789,16144,http://item.gmarket.co.kr/Item?goodscode=1716494555,,,,625
홈데코 · 문구 · 취미 · 반려,홈데코,꽃/이벤트용품,미니화분,미니화분 플라스틱 다육 재배 분갈이 네임텍 베란다,36720,90,408,,http://item.gmarket.co.kr/Item?goodscode=352034211,,,,0
홈데코 · 문구 · 취미 · 반려,홈데코,조명/인테리어,무드등/수면등,아크릴 무드등 만들기 쁘띠 세트형,51312,127,404.0314961,52292,http://item.gmarket.co.kr/Item?goodscode=1869914917,,,
홈데코 · 문구 · 취미 · 반려,홈데코,침구/커튼,펠트용품,일자핀 원형핀 일자캡핀 원형집게브로치핀 브로치용핀,14674,37,396.5945946,,http://item.gmarket.co.kr/Item?goodscode=189511737,,,,0
홈데코 · 문구 · 취미 · 반려,취미/반려,악기/취미,현미경,미니현미경 LED현미경 60배율,5470,14,390.7142857,,http://item.gmarket.co.kr/Item?goodscode=669788395,,,,0
자동차 · 공구,공구,공구/안전/산업용품,핀셋,핀셋 정밀핀셋 프라모델 네일아트 다용도핀셋 TS-10,8658,23,376.4347826,,http://item.gmarket.co.kr/Item?goodscode=871541749,,,
스포츠 · 건강 · 렌탈,스포츠,구기/라켓,축구연습용품,축구교구 연습용품 접시콘 + 접시콘대,5349,15,356.6,,http://item.gmarket.co.kr/Item?goodscode=1512315510,,,
자동차 · 공구,공구,공구/안전/산업용품,자석,자석 네오디움자석 강력자석 희토류자석 네오디뮴자석,512989,1458,351.8443073,513109,http://item.gmarket.co.kr/Item?goodscode=192626120,,,,438
자동차 · 공구,공구,공구/안전/산업용품,자석,고무자석모음- 접착조각/접착롤/칼라/판/종이/철지,38987,113,345.0176991,,http://item.gmarket.co.kr/Item?goodscode=233289356,,,
자동차 · 공구,자동차,자동차용품,미등,LED전구 3파이 5파이 미등 led바 12v 24v 자동차용품,203538,613,332.0358891,,http://item.gmarket.co.kr/Item?goodscode=210067205,,,,96
홈데코 · 문구 · 취미 · 반려,홈데코,조명/인테리어,안정기,1P단자 / 전원 커넥터 / 컨넥터 / 단자,11251,34,330.9117647,,http://item.gmarket.co.kr/Item?goodscode=1599900840,,,,0
홈데코 · 문구 · 취미 · 반려,홈데코,침구/커튼,기타수예용품,캘리그라피 투명 부채 만들기 손글씨 압화부채 꾸미기,23862,75,318.16,,http://item.gmarket.co.kr/Item?goodscode=1818245037,,,
홈데코 · 문구 · 취미 · 반려,취미/반려,악기/취미,탬버린/핸드벨,핸드벨 터치벨 (8음)악기 교재 종소리 종 벨 음악교구,4976,16,311,,http://item.gmarket.co.kr/Item?goodscode=454008914,,,,7
홈데코 · 문구 · 취미 · 반려,홈데코,꽃/이벤트용품,촛불이벤트용품,3개세트 LED 건전지 촛불 티라이트 양초 집회 이벤트,47500,155,306.4516129,,http://item.gmarket.co.kr/Item?goodscode=881550219,,,
홈데코 · 문구 · 취미 · 반려,취미/반려,악기/취미,오카리나,노블 오카리나 알토C 오카리나AC 노블오카리나 알토,11736,39,300.9230769,,http://item.gmarket.co.kr/Item?goodscode=380260520,,,,0
자동차 · 공구,공구,공구/안전/산업용품,스프링쿨러,막대형 미니 스프링클러 미스트 4x7 정원 화분 물주기,89990,301,298.9700997,,http://item.gmarket.co.kr/Item?goodscode=798687764,,,
홈데코 · 문구 · 취미 · 반려,취미/반려,악기/취미,클레이공예,민화 에코백 가방만들기 캔버스천가방 공작재료 미술,8010,27,296.6666667,,http://item.gmarket.co.kr/Item?goodscode=829486884,,,
홈데코 · 문구 · 취미 · 반려,홈데코,주방용품,와인용품,(사용법 상세안내) 소믈리에나이프 와인오프너,15828,56,282.6428571,,http://item.gmarket.co.kr/Item?goodscode=292661728,,,,0
자동차 · 공구,공구,공구/안전/산업용품,자석,네오디뮴자석 - 초강력/희토류/네오디움자석/정품등급,358330,1309,273.7433155,,http://item.gmarket.co.kr/Item?goodscode=230183730,,,,9
컴퓨터 · 디지털 · 가전,가전,건강가전,기타일반의료용품,정밀핀셋 핀셋 시계핀셋 집게 프라모델 네일아트 의료,20722,79,262.3037975,,http://item.gmarket.co.kr/Item?goodscode=215569120,,,,60
컴퓨터 · 디지털 · 가전,가전,음향가전,상업/특수음향,콜벨 소 핸드벨 탁상벨 호출벨 차임벨 골든벨 수업종,11037,43,256.6744186,,http://item.gmarket.co.kr/Item?goodscode=252367996,,,,0
홈데코 · 문구 · 취미 · 반려,홈데코,생활용품,부채,압화책갈피 만들기세트(5인세트) - 압화교구 책갈피,32693,128,255.4140625,,http://item.gmarket.co.kr/Item?goodscode=1435991903,,,,81
홈데코 · 문구 · 취미 · 반려,홈데코,가구/DIY,DIY가구목재,만들기재료 목공수업 트레이 새집 독서대 책꽂이,18862,74,254.8918919,,http://item.gmarket.co.kr/Item?goodscode=694185229,,,
홈데코 · 문구 · 취미 · 반려,홈데코,생활용품,열쇠/자물쇠,내맘대로 번호설정 자물쇠 3종 사물함 열쇠 번호열쇠,24642,103,239.2427184,,http://item.gmarket.co.kr/Item?goodscode=697016503,,,,1
홈데코 · 문구 · 취미 · 반려,홈데코,침구/커튼,펠트용품,하드펠트지 유수지 펠트diy 공예용품 인형만들기,57959,274,211.5291971,,http://item.gmarket.co.kr/Item?goodscode=532351114,,,,140
자동차 · 공구,공구,공구/안전/산업용품,목재,배터리홀더 건전지 3v 12v 9v 케이스 AA AAA LED,8670,41,211.4634146,,http://item.gmarket.co.kr/Item?goodscode=343851043,,,,2
홈데코 · 문구 · 취미 · 반려,취미/반려,악기/취미,오카리나,우든 오카리나AC YCAO-350 초등학생 플라스틱 어린이,14731,71,207.4788732,,http://item.gmarket.co.kr/Item?goodscode=982918186,,,,2
홈데코 · 문구 · 취미 · 반려,홈데코,조명/인테리어,무드등/수면등,아크릴 무드등 만들기 키트 온오프 키트,4770,23,207.3913043,,http://item.gmarket.co.kr/Item?goodscode=1606930446,,,,46
홈데코 · 문구 · 취미 · 반려,홈데코,침구/커튼,수예용품,프리미엄 양말목 아이/학생/어른이 좋아하는 양말목,2626,13,202,,http://item.gmarket.co.kr/Item?goodscode=2218777974,,,
홈데코 · 문구 · 취미 · 반려,홈데코,침구/커튼,기타수예용품,집콕놀이 취미 뉴 걱정인형 만들기10개set 수업재료,10534,53,198.754717,,http://item.gmarket.co.kr/Item?goodscode=1470827949,,,
자동차 · 공구,공구,공구/안전/산업용품,자석,대형 고무자석 네오디움자석 자석 화이트보드 스티커,11196,59,189.7627119,,http://item.gmarket.co.kr/Item?goodscode=627570884,,,
홈데코 · 문구 · 취미 · 반려,문구,문구/사무용품,앞치마/토시/케이스,작업용 팔토시 면토시 막토시 시보리토시 청토시,8544,49,174.3673469,,http://item.gmarket.co.kr/Item?goodscode=1730861355,,,
자동차 · 공구,공구,공구/안전/산업용품,절연테이프,전기 절연 테이프 ( PVC 전선 케이블 배선 보수 테잎,8087,48,168.4791667,,http://item.gmarket.co.kr/Item?goodscode=997698773,,,
홈데코 · 문구 · 취미 · 반려,홈데코,침구/커튼,펠트용품,모양 나무비즈 나무구슬 원석구슬 팔찌만들기재료,21099,126,167.452381,21109,http://item.gmarket.co.kr/Item?goodscode=177696395,,,
홈데코 · 문구 · 취미 · 반려,문구,문구/사무용품,펠트지/부직포,벨크로 케이블타이 20cm 찍찍이 선정리 전선 컴퓨터,16746,103,162.5825243,,http://item.gmarket.co.kr/Item?goodscode=1816079413,,,,310
홈데코 · 문구 · 취미 · 반려,취미/반려,악기/취미,클레이공예,크리스마스 조명 세모집 무드등 만들기 크리스마스DIY,2683,17,157.8235294,,http://item.gmarket.co.kr/Item?goodscode=1978022888,,,
자동차 · 공구,자동차,자동차용품,내비게이션용품,직류전원장치 DC 5V 9V 12V 24V 모니터 노트북 어댑터,13614,88,154.7045455,,http://item.gmarket.co.kr/Item?goodscode=188305083,,,,0
자동차 · 공구,공구,공구/안전/산업용품,핀셋,(키모스)정밀핀셋 TS-10 네일아트 집게 학습 전자부품,20649,135,152.9555556,,http://item.gmarket.co.kr/Item?goodscode=529756552,,,,0
스포츠 · 건강 · 렌탈,스포츠,스포츠의류/운동화,스톱워치,스탑워치 스톱 타이머 초시계 전자 스포츠 수능시계,10233,68,150.4852941,,http://item.gmarket.co.kr/Item?goodscode=614958121,,,
홈데코 · 문구 · 취미 · 반려,홈데코,조명/인테리어,벽등,한지공예 갓등 종이등 연등 풍등 풍선 종이갓 전등갓,11723,78,150.2948718,,http://item.gmarket.co.kr/Item?goodscode=697552107,,,,0
홈데코 · 문구 · 취미 · 반려,홈데코,침구/커튼,수예용품,어린이 보석십자수 만들기 UDPPP007Z,16889,120,140.7416667,,http://item.gmarket.co.kr/Item?goodscode=1472598323,,,,45
자동차 · 공구,공구,공구/안전/산업용품,볼트/너트,스텐sus볼트/너트/나사/못/나사못/평 와샤/와셔/접시/둥근/머리/육각/직결/피스/무두/렌치/스크류/철물,29008,218,133.0642202,,http://item.gmarket.co.kr/Item?goodscode=246961058,,,
홈데코 · 문구 · 취미 · 반려,홈데코,꽃/이벤트용품,풍선/리본,12인치 풍선 일반 50개 네오텍스 옵션색상 선택가능,55640,420,132.4761905,,http://item.gmarket.co.kr/Item?goodscode=179620873,,,
홈데코 · 문구 · 취미 · 반려,문구,문구/사무용품,커터칼/커터날,18mm대형 커터칼 2종 칼날 컷터칼 문구 커터칼날,17363,136,127.6691176,,http://item.gmarket.co.kr/Item?goodscode=738259994,,,,55
홈데코 · 문구 · 취미 · 반려,홈데코,침구/커튼,기타수예용품,크리스마스 조명등 / 전등갓  미니스탠드 만들기세트,9205,73,126.0958904,9211,http://item.gmarket.co.kr/Item?goodscode=1687019091,,,,6
홈데코 · 문구 · 취미 · 반려,취미/반려,악기/취미,인형공예,양말인형만들기 몰랑몰랑 애니멀 DIY인형 공예수업,2339,21,111.3809524,,http://item.gmarket.co.kr/Item?goodscode=1468566506,,,
홈데코 · 문구 · 취미 · 반려,홈데코,꽃/이벤트용품,보존화,하바리움 만들기 DIY SET 3종 용기 드라이플라워 장식,2857,26,109.8846154,,http://item.gmarket.co.kr/Item?goodscode=1488171788,,,,9
홈데코 · 문구 · 취미 · 반려,취미/반려,악기/취미,소금,피리사 플라스틱소금(황색) 교육용/연습용/학교용,4441,42,105.7380952,,http://item.gmarket.co.kr/Item?goodscode=1298029924,,,
홈데코 · 문구 · 취미 · 반려,홈데코,꽃/이벤트용품,트리세트,크리스마스트리 미니트리 60cm 전구장식 풀세트,22325,251,88.94422311,,http://item.gmarket.co.kr/Item?goodscode=324068747,,,,11
홈데코 · 문구 · 취미 · 반려,취미/반려,악기/취미,기타(Guitar),던롭 깁슨 팬더 일렉 기타피크 통기타피크 10개 1세트,22279,257,86.68871595,,http://item.gmarket.co.kr/Item?goodscode=334877668,,,,8
자동차 · 공구,공구,공구/안전/산업용품,펜치/니퍼,Jf-M01 소형 니퍼 공구 롱로우즈 플라이어 니빠 펜치,9747,118,82.60169492,,http://item.gmarket.co.kr/Item?goodscode=376121726,,,
홈데코 · 문구 · 취미 · 반려,취미/반려,악기/취미,비즈공예,큐스톤 튜닝 컬러 DIY 큐빅체인 공예 큐빅스티커 (S),16215,199,81.48241206,,http://item.gmarket.co.kr/Item?goodscode=275113754,,,,0
홈데코 · 문구 · 취미 · 반려,홈데코,침구/커튼,비즈/리본,ALL 원석팔찌 재료  비드붐 비즈공예 팔찌만들기 원,42774,528,81.01136364,,http://item.gmarket.co.kr/Item?goodscode=359103430,,,,20
홈데코 · 문구 · 취미 · 반려,취미/반려,악기/취미,기타악기,마이너사운드 칼림바 실속형 플레이트 파인우드,7248,90,80.53333333,,http://item.gmarket.co.kr/Item?goodscode=1913396457,,,,25
홈데코 · 문구 · 취미 · 반려,홈데코,조명/인테리어,탁상시계,무소음 무브먼트 시계모터+시계바늘 시계부품 벽시계,8802,116,75.87931034,,http://item.gmarket.co.kr/Item?goodscode=183091869,,,,0
홈데코 · 문구 · 취미 · 반려,홈데코,조명/인테리어,기타인테리어소품,네온사인 제작 만들기 과학교구 diy 네온사인 키트,1493,20,74.65,1523,http://item.gmarket.co.kr/Item?goodscode=1691049614,,,,30
홈데코 · 문구 · 취미 · 반려,홈데코,침구/커튼,비즈/리본,ALL 비즈재료  비드붐 비즈구슬 팔찌구슬 팔찌만들기,50964,683,74.61786237,50964,http://item.gmarket.co.kr/Item?goodscode=366228452,,,
자동차 · 공구,공구,공구/안전/산업용품,글루건,10W 글루건 소 글루건심 핫멜트 글루건총 글루건소,21090,283,74.5229682,21186,http://item.gmarket.co.kr/Item?goodscode=824258661,,,,114
스포츠 · 건강 · 렌탈,스포츠,등산/아웃도어,핫팩,프리미엄 핫팩(RED) 30매 국내유일FDA승인 ISO환경인증,397363,5492,72.35305899,,http://item.gmarket.co.kr/Item?goodscode=318156411,,,
홈데코 · 문구 · 취미 · 반려,홈데코,침구/커튼,십자수,펀치니들 DIY키트 패키지 뜨개질자수세트 오리지널,764,11,69.45454545,844,http://item.gmarket.co.kr/Item?goodscode=2057640481,,,
스포츠 · 건강 · 렌탈,스포츠,스포츠의류/운동화,호루라기,전자호루라기 세이프 메이트3 휘슬 호각 USB충전 LED,1078,16,67.375,,http://item.gmarket.co.kr/Item?goodscode=2018632195,,,
홈데코 · 문구 · 취미 · 반려,취미/반려,악기/취미,비즈공예,원석 비즈 팔찌 만들기 키트 4개세트 DIY,735,11,66.81818182,,http://item.gmarket.co.kr/Item?goodscode=2020966919,,,
홈데코 · 문구 · 취미 · 반려,홈데코,조명/인테리어,인테리어소품,크리스마스 워터볼 LED 오르골 스노우볼 눈사람 소형,1456,22,66.18181818,,http://item.gmarket.co.kr/Item?goodscode=2251001485,,,,19
스포츠 · 건강 · 렌탈,스포츠,구기/라켓,테니스공,예쁜11칼라 의자발커버 층간소음 식탁 다리 발싸개 캡,119807,2071,57.849831,,http://item.gmarket.co.kr/Item?goodscode=1585282750,,,,251
컴퓨터 · 디지털 · 가전,가전,음향가전,노래방기기,유선 마이크 위생커버 마이크커버 마이크덮개 10박스,5462,97,56.30927835,,http://item.gmarket.co.kr/Item?goodscode=682699484,,,,4
컴퓨터 · 디지털 · 가전,가전,건강가전,발지압/발매트,발지압매트 발지압판 발바닥지압 발지압기 발마사지기,41347,769,53.76723017,,http://item.gmarket.co.kr/Item?goodscode=792794675,,,
자동차 · 공구,공구,공구/안전/산업용품,자석,D16(실버) 네오디움 고리자석 초강력 후크 홀더 걸이,20448,438,46.68493151,,http://item.gmarket.co.kr/Item?goodscode=1451503114,,,,0
홈데코 · 문구 · 취미 · 반려,홈데코,가구/DIY,전신거울,앨리스 전신거울 화이트거울 엔틱거울 공주거울,12691,278,45.65107914,,http://item.gmarket.co.kr/Item?goodscode=265896603,,,
홈데코 · 문구 · 취미 · 반려,홈데코,생활용품,생활잡화,철물인 액자걸이 그림 와이어 액자걸이 인테리어 레일,104489,2484,42.06481481,,http://item.gmarket.co.kr/Item?goodscode=274182191,,,
홈데코 · 문구 · 취미 · 반려,홈데코,가구/DIY,전신거울,가벼운 붙이는 아크릴거울/전신/안전거울,23385,561,41.68449198,,http://item.gmarket.co.kr/Item?goodscode=271170607,,,
자동차 · 공구,공구,공구/안전/산업용품,샌딩스펀지/사포,종이사포 연마지 빼빠 페파 60방 - 2000방 사포,17491,424,41.25235849,,http://item.gmarket.co.kr/Item?goodscode=1807961588,,,,30
홈데코 · 문구 · 취미 · 반려,홈데코,꽃/이벤트용품,조화/인조나무,고급 인테리어 조화 꽃 40종 장식 소품 꽃꽂이 카페 1,20485,514,39.8540856,,http://item.gmarket.co.kr/Item?goodscode=268094747,,,,31
자동차 · 공구,공구,공구/안전/산업용품,못/나사,나사/나사못/피스/피스못/타격앙카/육각머리/스텐나사,47578,1196,39.78093645,,http://item.gmarket.co.kr/Item?goodscode=830047686,,,
홈데코 · 문구 · 취미 · 반려,문구,문구/사무용품,스케치북/크로키북,스크래치 나이트뷰 보드 스크래치북 나이트뷰B,2376,60,39.6,,http://item.gmarket.co.kr/Item?goodscode=1876786214,,,
홈데코 · 문구 · 취미 · 반려,취미/반려,악기/취미,비즈공예,팔찌재료 / 비즈재료 / 악세사리재료 / DIY,27810,723,38.46473029,,http://item.gmarket.co.kr/Item?goodscode=690036366,,,,0
홈데코 · 문구 · 취미 · 반려,홈데코,꽃/이벤트용품,조화/인조나무,예쁜 조화 꽃다발 셀프웨딩 부케 성묘 인테리어소품,16353,426,38.38732394,,http://item.gmarket.co.kr/Item?goodscode=647230117,,,,0
홈데코 · 문구 · 취미 · 반려,홈데코,가구/DIY,화장대/거울,에칭300 전신거울 / 거치대가 있는 완제품 무료배송,66063,1722,38.3641115,,http://item.gmarket.co.kr/Item?goodscode=262333433,,,
홈데코 · 문구 · 취미 · 반려,홈데코,침구/커튼,십자수,보석십자수 몰랑이 아크릴키링 만들기 학습교구,10777,285,37.81403509,,http://item.gmarket.co.kr/Item?goodscode=1723921087,,,,28
자동차 · 공구,공구,공구/안전/산업용품,운반용품,공장직영/우레탄바퀴/무소음/인라인바퀴/캐스터바퀴,17624,473,37.26004228,,http://item.gmarket.co.kr/Item?goodscode=907578114,,,
홈데코 · 문구 · 취미 · 반려,홈데코,생활용품,소음방지용품,고품질 테니스공 의자캡 의자발커버 식탁발커버 16P,38556,1049,36.75500477,,http://item.gmarket.co.kr/Item?goodscode=1735738646,,,,12
홈데코 · 문구 · 취미 · 반려,문구,문구/사무용품,파일/바인더,칼라 클리어화일 A4 40매 리필가능,35410,1003,35.30408774,,http://item.gmarket.co.kr/Item?goodscode=1373887923,,,,30
자동차 · 공구,공구,공구/안전/산업용품,볼트/너트,육각볼트/스텐/육각/특강/콜라/볼트/와샤/스프링/너트,11574,355,32.6028169,,http://item.gmarket.co.kr/Item?goodscode=1414456344,,,
홈데코 · 문구 · 취미 · 반려,홈데코,꽃/이벤트용품,트리,크리스마스트리 1M-1.6M 장식소품 리모컨전구 풀세트,27356,888,30.80630631,,http://item.gmarket.co.kr/Item?goodscode=427697655,,,,36
홈데코 · 문구 · 취미 · 반려,홈데코,꽃/이벤트용품,트리세트,크리스마스트리 벽트리 장식 소품 앵두 전구 풀세트,7408,245,30.23673469,,http://item.gmarket.co.kr/Item?goodscode=1153541274,,,,31
홈데코 · 문구 · 취미 · 반려,문구,문구/사무용품,독서대,독서대 책 받침대 걸이 패드 테블릿 거치대 단체 선물,39641,1320,30.03106061,,http://item.gmarket.co.kr/Item?goodscode=222284700,,,,4
홈데코 · 문구 · 취미 · 반려,홈데코,조명/인테리어,기타/아로마캔들용품,HEM 프리미엄 아로마 향 인센스 스틱 콘,69198,2339,29.58443779,,http://item.gmarket.co.kr/Item?goodscode=214558498,,,
홈데코 · 문구 · 취미 · 반려,홈데코,침구/커튼,커버류,에어컨커버 스탠드 벽걸이 창문형 선풍기삼성무풍엘지,103376,3907,26.45917584,,http://item.gmarket.co.kr/Item?goodscode=194186844,,,,57
홈데코 · 문구 · 취미 · 반려,취미/반려,악기/취미,기타타악기,마호가니 17음계 칼림바 최저가 기간한정 세일,9014,346,26.05202312,,http://item.gmarket.co.kr/Item?goodscode=1893957072,,,
홈데코 · 문구 · 취미 · 반려,취미/반려,악기/취미,타악기,엄지 손가락 피아노 칼림바 17건반 카림바 민속악기,14706,580,25.35517241,,http://item.gmarket.co.kr/Item?goodscode=1548797309,,,,67
홈데코 · 문구 · 취미 · 반려,홈데코,꽃/이벤트용품,수경식물,마리모 키우기 유리병 테마 어항 세트 사은품 증정,12502,516,24.22868217,,http://item.gmarket.co.kr/Item?goodscode=1561593996,,,
홈데코 · 문구 · 취미 · 반려,홈데코,조명/인테리어,유화그리기세트,( 1+1 사은품) DIY 명화그리기 그림 유화 액자 세트,74899,3118,24.02148813,,http://item.gmarket.co.kr/Item?goodscode=432367322,,,
자동차 · 공구,공구,공구/안전/산업용품,충전지,삼성셀 18650 배터리 충전지 충전용건전지 3500mAh,21695,905,23.97237569,,http://item.gmarket.co.kr/Item?goodscode=1347338443,,,
홈데코 · 문구 · 취미 · 반려,취미/반려,악기/취미,기타공예,가방만들기 가죽 공예 키트 패키지 바느질 DIY 세트,115,5,23,,http://item.gmarket.co.kr/Item?goodscode=2243995202,,,
홈데코 · 문구 · 취미 · 반려,홈데코,주방용품,식탁매트,식탁매트 방수 테이블매트 북유럽 식탁 매트 /클래식,17134,767,22.33898305,,http://item.gmarket.co.kr/Item?goodscode=1460777394,,,,52
홈데코 · 문구 · 취미 · 반려,문구,문구/사무용품,기타미술보조용품,아트조이 DIY 미니어처하우스/미니어쳐하우스 만들기,28933,1320,21.91893939,,http://item.gmarket.co.kr/Item?goodscode=723849766,,,,45
홈데코 · 문구 · 취미 · 반려,홈데코,가구/DIY,DIY가구용품,국산 초특가 7990원 방문손잡이 현관문 원통형 문고리,78874,3917,20.13632882,,http://item.gmarket.co.kr/Item?goodscode=188130333,,,,65
홈데코 · 문구 · 취미 · 반려,홈데코,생활용품,샤워부스,글라스터 샤워기걸이 거치대/홀더/각도조절/욕실용품,11811,601,19.65224626,,http://item.gmarket.co.kr/Item?goodscode=647193979,,,,3
홈데코 · 문구 · 취미 · 반려,홈데코,꽃/이벤트용품,원예/식물,미니다육 다육이 다육이식물 공기정화식물 다육이화분,57365,3072,18.6735026,,http://item.gmarket.co.kr/Item?goodscode=1226492319,,,,84
자동차 · 공구,공구,공구/안전/산업용품,볼트/너트,각종 스텐볼트 너트 와샤 볼트,20848,1210,17.22975207,,http://item.gmarket.co.kr/Item?goodscode=1577889766,,,,6
홈데코 · 문구 · 취미 · 반려,취미/반려,악기/취미,기타악기/교본,칼림바 사슴무늬 17음계손가락피아노 대량구매당일발송,12580,741,16.97705803,,http://item.gmarket.co.kr/Item?goodscode=1872506662,,,
홈데코 · 문구 · 취미 · 반려,취미/반려,악기/취미,타악기,+17음계 칼림바 카림바+ 손가락 피아노,5540,353,15.69405099,,http://item.gmarket.co.kr/Item?goodscode=1884539917,,,,118
홈데코 · 문구 · 취미 · 반려,홈데코,조명/인테리어,캔들워머,(전구2개) 캔들워머세트 모노 양키캔들라지 외 택1,54839,3505,15.64593438,,http://item.gmarket.co.kr/Item?goodscode=690808186,,,,7
홈데코 · 문구 · 취미 · 반려,문구,문구/사무용품,기타미술보조용품,(1+1/3+1) 무료배송 물감2배 아트조이 DIY 명화그리기,92561,6320,14.64572785,,http://item.gmarket.co.kr/Item?goodscode=629102692,,,,48
홈데코 · 문구 · 취미 · 반려,홈데코,꽃/이벤트용품,화분,화분/세트화분/수반/시멘트/인테리어/대형화분,21922,1525,14.37508197,,http://item.gmarket.co.kr/Item?goodscode=192842576,,,
자동차 · 공구,자동차,자동차용품,자동차모바일용품,카멜레온360 송풍구형 블랙 차량용 핸드폰 거치대,27136,2419,11.21785862,,http://item.gmarket.co.kr/Item?goodscode=1255745943,,,
자동차 · 공구,공구,공구/안전/산업용품,측정공구,카스(CAS)디지털 온습도계 T023/다기능 온습도계/슬림,15907,1477,10.76980366,,http://item.gmarket.co.kr/Item?goodscode=1275153125,,,,41
홈데코 · 문구 · 취미 · 반려,홈데코,생활용품,샤워기/수전용품,울트라 X3000 수압상승 욕실 절수 샤워기 샤워 헤드,61674,5766,10.69614984,,http://item.gmarket.co.kr/Item?goodscode=814975299,,,,22
홈데코 · 문구 · 취미 · 반려,홈데코,조명/인테리어,인테리어시계,인테리어시계 DIY벽시계 집들이선물 무소음 시크블랙,9192,869,10.57767549,,http://item.gmarket.co.kr/Item?goodscode=705330689,,,,1
홈데코 · 문구 · 취미 · 반려,취미/반려,악기/취미,기타공예,시드비즈 비드 비즈구슬 작은구슬 구슬 팔찌구슬,24651,2847,8.658587987,,http://item.gmarket.co.kr/Item?goodscode=1693945809,,,,0
홈데코 · 문구 · 취미 · 반려,홈데코,꽃/이벤트용품,원예/식물,공기정화식물44종/중대형/식물/화분/미세먼지/화초,33709,4444,7.585283528,,http://item.gmarket.co.kr/Item?goodscode=1148773285,,,,8
홈데코 · 문구 · 취미 · 반려,홈데코,침구/커튼,솜,1+1 상쾌한 피톤치드 항균 경추 베개솜/베개/베개커버,166487,25163,6.616341454,,http://item.gmarket.co.kr/Item?goodscode=1246334162,,,,400
홈데코 · 문구 · 취미 · 반려,홈데코,침구/커튼,수예용품,( 3 + 1 이벤트) 액자형 DIY 보석십자수 비즈 명화,39612,6557,6.041177368,,http://item.gmarket.co.kr/Item?goodscode=885306021,,,,37
홈데코 · 문구 · 취미 · 반려,문구,문구/사무용품,드로잉용품,민화샵 소형 유화그리기 세트 그림 팝아트 20x20,7687,1827,4.207443897,,http://item.gmarket.co.kr/Item?goodscode=2141415696,,,,53
홈데코 · 문구 · 취미 · 반려,홈데코,생활용품,욕실화,(1+1/남+여) 젤리 욕실화 미끄럼밤지 화장실 슬리퍼,54622,13425,4.06867784,,http://item.gmarket.co.kr/Item?goodscode=1376522522,,,,13
홈데코 · 문구 · 취미 · 반려,문구,문구/사무용품,미술보조용품,DIY 보석십자수 (캔버스형) 25x25 30x40 40x50 모음,34827,10380,3.355202312,,http://item.gmarket.co.kr/Item?goodscode=868904696,,,,5
자동차 · 공구,공구,공구/안전/산업용품,건전지/충전지,듀라셀 알카라인 건전지 AA 20개입 x 2개,35369,10659,3.318228727,,http://item.gmarket.co.kr/Item?goodscode=1760767860,,,,172
홈데코 · 문구 · 취미 · 반려,홈데코,침구/커튼,십자수,DIY 액자형 보석십자수 세트 (전체균일가)(21번~34번),6730,2698,2.494440326,,http://item.gmarket.co.kr/Item?goodscode=1879033594,,,
홈데코 · 문구 · 취미 · 반려,홈데코,조명/인테리어,홈갤러리/액자,액자형 DIY 보석십자수세트 그림 명화그리기,17505,9662,1.8117367,,http://item.gmarket.co.kr/Item?goodscode=1806416283,,,
