브랜드패션,브랜드의류,브랜드 여성의류,티셔츠,LAP F/W 신상 아우터/맨투맨/가디건/니트 外,22024,9521,http://item.gmarket.co.kr/Item?goodscode=1923917533
브랜드패션,브랜드의류,브랜드 여성의류,티셔츠, 모다아울렛 반에이크 백화점동일상품 맨투맨/니트 외 FW특가전,24649,5699,http://item.gmarket.co.kr/Item?goodscode=1430261089
브랜드패션,브랜드의류,브랜드 여성의류,무지 티셔츠,25%쿠폰 지금 입기 딱좋은 FW 상품  모음 패딩/니트外,11819,6768,http://item.gmarket.co.kr/Item?goodscode=1954286768
브랜드패션,브랜드의류,브랜드 여성의류,프린트/패턴 티셔츠,LAP F/W 신상 아우터/맨투맨/가디건/니트 外,22024,9521,http://item.gmarket.co.kr/Item?goodscode=1923917533
브랜드패션,브랜드의류,브랜드 여성의류,프린트/패턴 티셔츠, 모다아울렛 반에이크 백화점동일상품 맨투맨/니트 외 FW특가전,24649,5699,http://item.gmarket.co.kr/Item?goodscode=1430261089
브랜드패션,브랜드의류,브랜드 여성의류,블라우스/셔츠,20% 쿠폰 크로커다일레이디외 겨울인기 신상 100종,2263,1294,http://item.gmarket.co.kr/Item?goodscode=2205581717
브랜드패션,브랜드의류,브랜드 여성의류,쉬폰/시스루 블라우스,20% 쿠폰 크로커다일레이디외 겨울인기 신상 100종,2263,1294,http://item.gmarket.co.kr/Item?goodscode=2205581717
브랜드패션,브랜드의류,브랜드 여성의류,원피스,LAP 신상 BEST템 빅스 파격가 코트/패딩/니트~86%,19456,5358,http://item.gmarket.co.kr/Item?goodscode=1605581651
브랜드패션,브랜드의류,브랜드 여성의류,원피스,쉬즈미스/리스트본사시즌오프+시즌오프 최대 85%+무배,2496,1244,http://item.gmarket.co.kr/Item?goodscode=2105301019
브랜드패션,브랜드의류,브랜드 여성의류,원피스,(20+5%쿠폰)이사베이/씨 겨울 데일리 아우터/이너템,11397,6112,http://item.gmarket.co.kr/Item?goodscode=1791730168
브랜드패션,브랜드의류,브랜드 여성의류,원피스,22%쿠폰 가을 클리어런스 겨울 코디 코트/니트,33045,9330,http://item.gmarket.co.kr/Item?goodscode=1234579017
브랜드패션,브랜드의류,브랜드 여성의류,캐주얼원피스,LAP 신상 BEST템 빅스 파격가 코트/패딩/니트~86%,19456,5358,http://item.gmarket.co.kr/Item?goodscode=1605581651
브랜드패션,브랜드의류,브랜드 여성의류,캐주얼원피스,(20+5%쿠폰)이사베이/씨 겨울 데일리 아우터/이너템,11397,6112,http://item.gmarket.co.kr/Item?goodscode=1791730168
브랜드패션,브랜드의류,브랜드 여성의류,쉬폰/레이스원피스,쉬즈미스/리스트본사시즌오프+시즌오프 최대 85%+무배,2496,1244,http://item.gmarket.co.kr/Item?goodscode=2105301019
브랜드패션,브랜드의류,브랜드 여성의류,쉬폰/레이스원피스,22%쿠폰 가을 클리어런스 겨울 코디 코트/니트,33045,9330,http://item.gmarket.co.kr/Item?goodscode=1234579017
브랜드패션,브랜드의류,브랜드 여성의류,롱/루즈핏 가디건,20% 쿠폰 크로커다일레이디외 겨울인기신상 100종,2034,1041,http://item.gmarket.co.kr/Item?goodscode=2226812032
브랜드패션,브랜드의류,브랜드 여성의류,자켓/베스트,플라스틱아일랜드 F/W 니트/가디건/원피스 外,12229,5756,http://item.gmarket.co.kr/Item?goodscode=1925195363
브랜드패션,브랜드의류,브랜드 여성의류,캐주얼자켓,플라스틱아일랜드 F/W 니트/가디건/원피스 外,12229,5756,http://item.gmarket.co.kr/Item?goodscode=1925195363
브랜드패션,브랜드의류,브랜드 여성의류,트위드 자켓,25%쿠폰 겨울 신상 아우터/백화점 동일 상품,30712,9676,http://item.gmarket.co.kr/Item?goodscode=1493559466
브랜드패션,브랜드의류,브랜드 여성의류,야상/점퍼/패딩,쿠폰20% 지금 입기 딱 좋은 겨울상품 패딩/니트外,1046,213,http://item.gmarket.co.kr/Item?goodscode=1928562130
브랜드패션,브랜드의류,브랜드 여성의류,야상/점퍼/패딩,JAJU 자주 따뜻한 겨울나기 베스트/다운 최대 60%OFF,3311,1279,http://item.gmarket.co.kr/Item?goodscode=2135191556
브랜드패션,브랜드의류,브랜드 여성의류,야상/점퍼/패딩,최대20%쿠폰 남녀 아울렛 상품 패딩/가디건/니트外,1000,355,http://item.gmarket.co.kr/Item?goodscode=1928561189
브랜드패션,브랜드의류,브랜드 여성의류,패딩/다운 점퍼,쿠폰20% 지금 입기 딱 좋은 겨울상품 패딩/니트外,1046,213,http://item.gmarket.co.kr/Item?goodscode=1928562130
브랜드패션,브랜드의류,브랜드 여성의류,패딩/다운 점퍼,JAJU 자주 따뜻한 겨울나기 베스트/다운 최대 60%OFF,3311,1279,http://item.gmarket.co.kr/Item?goodscode=2135191556
브랜드패션,브랜드의류,브랜드 여성의류,패딩/다운 점퍼,최대20%쿠폰 남녀 아울렛 상품 패딩/가디건/니트外,1000,355,http://item.gmarket.co.kr/Item?goodscode=1928561189
브랜드패션,브랜드의류,브랜드 여성의류,트렌치 코트,온앤온 코트 패딩 자켓 아우터맛집,4228,1749,http://item.gmarket.co.kr/Item?goodscode=1753327576
브랜드패션,브랜드의류,브랜드 여성의류,트렌치 코트,플라스틱아일랜드 1만원대~가을/겨울 여신 코디 룩북,11012,5862,http://item.gmarket.co.kr/Item?goodscode=1921216254
브랜드패션,브랜드의류,브랜드 여성의류,롱코트,20+5%쿠폰 조이너스 겨울아우터 가격인하 패딩/코트외,3300,1902,http://item.gmarket.co.kr/Item?goodscode=2099524858
브랜드패션,브랜드의류,브랜드 여성의류,롱코트,20+5%쿠폰 조이너스 겨울아우터 가격다운 최대특가전,2938,1541,http://item.gmarket.co.kr/Item?goodscode=2099046694
브랜드패션,브랜드의류,브랜드 여성의류,스키니/레깅스,두꺼운 스타킹 150데니아 팬티스타킹 겨울스타킹/ 제이코튼,1330,62,http://item.gmarket.co.kr/Item?goodscode=1495567560
브랜드패션,브랜드의류,브랜드 여성의류,스커트,25%쿠폰 F/W 특가찬스 패딩/코트/니트외,5574,3166,http://item.gmarket.co.kr/Item?goodscode=1805964611
브랜드패션,브랜드의류,브랜드 여성의류,A라인/플레어스커트,25%쿠폰 F/W 특가찬스 패딩/코트/니트외,5574,3166,http://item.gmarket.co.kr/Item?goodscode=1805964611
브랜드패션,브랜드의류,브랜드 여성의류,티셔츠,LAP F/W 신상 아우터/맨투맨/가디건/니트 外,22025,9521,http://item.gmarket.co.kr/Item?goodscode=1923917533
브랜드패션,브랜드의류,브랜드 여성의류,티셔츠, 모다아울렛 반에이크 백화점동일상품 맨투맨/니트 외 FW특가전,24649,5699,http://item.gmarket.co.kr/Item?goodscode=1430261089
브랜드패션,브랜드의류,브랜드 여성의류,무지 티셔츠,25%쿠폰 지금 입기 딱좋은 FW 상품  모음 패딩/니트外,11819,6768,http://item.gmarket.co.kr/Item?goodscode=1954286768
브랜드패션,브랜드의류,브랜드 여성의류,프린트/패턴 티셔츠,LAP F/W 신상 아우터/맨투맨/가디건/니트 外,22026,9521,http://item.gmarket.co.kr/Item?goodscode=1923917533
브랜드패션,브랜드의류,브랜드 여성의류,프린트/패턴 티셔츠, 모다아울렛 반에이크 백화점동일상품 맨투맨/니트 외 FW특가전,24649,5699,http://item.gmarket.co.kr/Item?goodscode=1430261089
브랜드패션,브랜드의류,브랜드 여성의류,블라우스/셔츠,20% 쿠폰 크로커다일레이디외 겨울인기 신상 100종,2263,1294,http://item.gmarket.co.kr/Item?goodscode=2205581717
브랜드패션,브랜드의류,브랜드 여성의류,쉬폰/시스루 블라우스,20% 쿠폰 크로커다일레이디외 겨울인기 신상 100종,2263,1294,http://item.gmarket.co.kr/Item?goodscode=2205581717
브랜드패션,브랜드의류,브랜드 여성의류,롱/루즈핏 가디건,20% 쿠폰 크로커다일레이디외 겨울인기신상 100종,2034,1041,http://item.gmarket.co.kr/Item?goodscode=2226812032
브랜드패션,브랜드의류,브랜드 여성의류,스키니/레깅스,두꺼운 스타킹 150데니아 팬티스타킹 겨울스타킹/ 제이코튼,1330,62,http://item.gmarket.co.kr/Item?goodscode=1495567560
브랜드패션,브랜드의류,브랜드 여성의류,스커트,25%쿠폰 F/W 특가찬스 패딩/코트/니트외,5574,3166,http://item.gmarket.co.kr/Item?goodscode=1805964611
브랜드패션,브랜드의류,브랜드 여성의류,A라인/플레어스커트,25%쿠폰 F/W 특가찬스 패딩/코트/니트외,5574,3166,http://item.gmarket.co.kr/Item?goodscode=1805964611
브랜드패션,브랜드의류,브랜드 여성의류,원피스,LAP 신상 BEST템 빅스 파격가 코트/패딩/니트~86%,19456,5358,http://item.gmarket.co.kr/Item?goodscode=1605581651
브랜드패션,브랜드의류,브랜드 여성의류,원피스,쉬즈미스/리스트본사시즌오프+시즌오프 최대 85%+무배,2496,1244,http://item.gmarket.co.kr/Item?goodscode=2105301019
브랜드패션,브랜드의류,브랜드 여성의류,원피스,(20+5%쿠폰)이사베이/씨 겨울 데일리 아우터/이너템,11397,6112,http://item.gmarket.co.kr/Item?goodscode=1791730168
브랜드패션,브랜드의류,브랜드 여성의류,원피스,22%쿠폰 가을 클리어런스 겨울 코디 코트/니트,33045,9330,http://item.gmarket.co.kr/Item?goodscode=1234579017
브랜드패션,브랜드의류,브랜드 여성의류,캐주얼원피스,LAP 신상 BEST템 빅스 파격가 코트/패딩/니트~86%,19456,5358,http://item.gmarket.co.kr/Item?goodscode=1605581651
브랜드패션,브랜드의류,브랜드 여성의류,캐주얼원피스,(20+5%쿠폰)이사베이/씨 겨울 데일리 아우터/이너템,11397,6112,http://item.gmarket.co.kr/Item?goodscode=1791730168
브랜드패션,브랜드의류,브랜드 여성의류,쉬폰/레이스원피스,쉬즈미스/리스트본사시즌오프+시즌오프 최대 85%+무배,2496,1244,http://item.gmarket.co.kr/Item?goodscode=2105301019
브랜드패션,브랜드의류,브랜드 여성의류,쉬폰/레이스원피스,22%쿠폰 가을 클리어런스 겨울 코디 코트/니트,33045,9330,http://item.gmarket.co.kr/Item?goodscode=1234579017
브랜드패션,브랜드의류,브랜드 여성의류,야상/점퍼/패딩,쿠폰20% 지금 입기 딱 좋은 겨울상품 패딩/니트外,1046,213,http://item.gmarket.co.kr/Item?goodscode=1928562130
브랜드패션,브랜드의류,브랜드 여성의류,야상/점퍼/패딩,JAJU 자주 따뜻한 겨울나기 베스트/다운 최대 60%OFF,3313,1279,http://item.gmarket.co.kr/Item?goodscode=2135191556
브랜드패션,브랜드의류,브랜드 여성의류,야상/점퍼/패딩,최대20%쿠폰 남녀 아울렛 상품 패딩/가디건/니트外,1000,355,http://item.gmarket.co.kr/Item?goodscode=1928561189
브랜드패션,브랜드의류,브랜드 여성의류,패딩/다운 점퍼,쿠폰20% 지금 입기 딱 좋은 겨울상품 패딩/니트外,1046,213,http://item.gmarket.co.kr/Item?goodscode=1928562130
브랜드패션,브랜드의류,브랜드 여성의류,패딩/다운 점퍼,JAJU 자주 따뜻한 겨울나기 베스트/다운 최대 60%OFF,3313,1279,http://item.gmarket.co.kr/Item?goodscode=2135191556
브랜드패션,브랜드의류,브랜드 여성의류,패딩/다운 점퍼,최대20%쿠폰 남녀 아울렛 상품 패딩/가디건/니트外,1000,355,http://item.gmarket.co.kr/Item?goodscode=1928561189
브랜드패션,브랜드의류,브랜드 여성의류,자켓/베스트,플라스틱아일랜드 F/W 니트/가디건/원피스 外,12229,5756,http://item.gmarket.co.kr/Item?goodscode=1925195363
브랜드패션,브랜드의류,브랜드 여성의류,캐주얼자켓,플라스틱아일랜드 F/W 니트/가디건/원피스 外,12229,5756,http://item.gmarket.co.kr/Item?goodscode=1925195363
브랜드패션,브랜드의류,브랜드 여성의류,트위드 자켓,25%쿠폰 겨울 신상 아우터/백화점 동일 상품,30712,9676,http://item.gmarket.co.kr/Item?goodscode=1493559466
브랜드패션,브랜드의류,브랜드 여성의류,트렌치 코트,온앤온 코트 패딩 자켓 아우터맛집,4228,1749,http://item.gmarket.co.kr/Item?goodscode=1753327576
브랜드패션,브랜드의류,브랜드 여성의류,트렌치 코트,플라스틱아일랜드 1만원대~가을/겨울 여신 코디 룩북,11012,5862,http://item.gmarket.co.kr/Item?goodscode=1921216254
브랜드패션,브랜드의류,브랜드 여성의류,롱코트,20+5%쿠폰 조이너스 겨울아우터 가격인하 패딩/코트외,3302,1902,http://item.gmarket.co.kr/Item?goodscode=2099524858
브랜드패션,브랜드의류,브랜드 여성의류,롱코트,20+5%쿠폰 조이너스 겨울아우터 가격다운 최대특가전,2938,1541,http://item.gmarket.co.kr/Item?goodscode=2099046694
브랜드패션,브랜드의류,브랜드 남성의류,정장,by파크랜드_겨울 아우터특가 모직코트/구스다운/점퍼,4106,1476,http://item.gmarket.co.kr/Item?goodscode=1605123213
브랜드패션,브랜드의류,브랜드 남성의류,정장 세트,by파크랜드_겨울 아우터특가 모직코트/구스다운/점퍼,4106,1476,http://item.gmarket.co.kr/Item?goodscode=1605123213
브랜드패션,브랜드의류,브랜드 남성의류,정장 세트,stco 남성 데일리 기본 니트 50종,3680,1728,http://item.gmarket.co.kr/Item?goodscode=1773771927
브랜드패션,브랜드의류,브랜드 남성의류,정장 세트,by파크랜드_가을 클리어런스/겨울 오픈특가/정장/셔츠,8695,2714,http://item.gmarket.co.kr/Item?goodscode=1280319791
브랜드패션,브랜드의류,브랜드 남성의류,패딩/다운 코트,(신세계강남점)FW 경량 하이넥 구스다운 코트 6종 택1,1804,823,http://item.gmarket.co.kr/Item?goodscode=1913495624
브랜드패션,브랜드의류,브랜드 남성의류,니트 베스트,20%+7% 헤지스남성 FW의류모음 니트/가디건/점퍼/코트,6572,3419,http://item.gmarket.co.kr/Item?goodscode=1899400375
브랜드패션,브랜드의류,브랜드 남성의류,체크 셔츠/남방, 레노마_셔츠(남성)  레노마 셔츠 2021 가을드레스 긴팔셔츠 특집전,2377,661,http://item.gmarket.co.kr/Item?goodscode=1866959589
브랜드패션,브랜드의류,브랜드 남성의류,체크 셔츠/남방, 닥스   21FW신상품 캐쥬얼기모남방7종(사은품/선물포장가능),1123,142,http://item.gmarket.co.kr/Item?goodscode=1488872999
브랜드패션,브랜드의류,브랜드 남성의류,체크 셔츠/남방, 듀퐁-남성셔츠  듀퐁 가을맞이 긴소매 PREMIUM 셔츠 기모남방 슬림핏 일반핏 10종 ,5449,595,http://item.gmarket.co.kr/Item?goodscode=1633369366
브랜드패션,브랜드의류,브랜드 남성의류,티셔츠,20%+7% 헤지스남성 캐주얼룩모음 티셔츠/팬츠/점퍼,3083,1478,http://item.gmarket.co.kr/Item?goodscode=2106646033
브랜드패션,브랜드의류,브랜드 남성의류,라운드티셔츠,20%+7% 헤지스남성 캐주얼룩모음 티셔츠/팬츠/점퍼,3083,1478,http://item.gmarket.co.kr/Item?goodscode=2106646033
브랜드패션,브랜드의류,브랜드 남성의류,팬츠, 여성  매장동일 탑텐(TOP10) 기모 조거 팬츠 3종,2576,0,http://item.gmarket.co.kr/Item?goodscode=2250259849
브랜드패션,브랜드의류,브랜드 남성의류,팬츠,20+7% 컨셉원 겨울 BEST 슬랙스/아우터/스웨터,6134,1900,http://item.gmarket.co.kr/Item?goodscode=1793463064
브랜드패션,브랜드의류,브랜드 남성의류,면팬츠/치노팬츠, 여성  매장동일 탑텐(TOP10) 기모 조거 팬츠 3종,2576,0,http://item.gmarket.co.kr/Item?goodscode=2250259849
브랜드패션,브랜드의류,브랜드 남성의류,슬랙스,20+7% 컨셉원 겨울 BEST 슬랙스/아우터/스웨터,6134,1900,http://item.gmarket.co.kr/Item?goodscode=1793463064
브랜드패션,브랜드의류,브랜드 남성의류,반바지, 1+1  마운틴벨리 겨울 남성 플리스 본딩 기본 팬츠/ 마운틴 벨리,16753,4257,http://item.gmarket.co.kr/Item?goodscode=1137995278
브랜드패션,브랜드의류,브랜드 남성의류,정장,by파크랜드_겨울 아우터특가 모직코트/구스다운/점퍼,4106,1476,http://item.gmarket.co.kr/Item?goodscode=1605123213
브랜드패션,브랜드의류,브랜드 남성의류,정장 세트,by파크랜드_겨울 아우터특가 모직코트/구스다운/점퍼,4106,1476,http://item.gmarket.co.kr/Item?goodscode=1605123213
브랜드패션,브랜드의류,브랜드 남성의류,정장 세트,stco 남성 데일리 기본 니트 50종,3680,1728,http://item.gmarket.co.kr/Item?goodscode=1773771927
브랜드패션,브랜드의류,브랜드 남성의류,정장 세트,by파크랜드_가을 클리어런스/겨울 오픈특가/정장/셔츠,8695,2714,http://item.gmarket.co.kr/Item?goodscode=1280319791
브랜드패션,브랜드의류,브랜드 남성의류,체크 셔츠/남방, 레노마_셔츠(남성)  레노마 셔츠 2021 가을드레스 긴팔셔츠 특집전,2377,661,http://item.gmarket.co.kr/Item?goodscode=1866959589
브랜드패션,브랜드의류,브랜드 남성의류,체크 셔츠/남방, 닥스   21FW신상품 캐쥬얼기모남방7종(사은품/선물포장가능),1123,142,http://item.gmarket.co.kr/Item?goodscode=1488872999
브랜드패션,브랜드의류,브랜드 남성의류,체크 셔츠/남방, 듀퐁-남성셔츠  듀퐁 가을맞이 긴소매 PREMIUM 셔츠 기모남방 슬림핏 일반핏 10종 ,5449,595,http://item.gmarket.co.kr/Item?goodscode=1633369366
브랜드패션,브랜드의류,브랜드 남성의류,니트 베스트,20%+7% 헤지스남성 FW의류모음 니트/가디건/점퍼/코트,6572,3419,http://item.gmarket.co.kr/Item?goodscode=1899400375
브랜드패션,브랜드의류,브랜드 남성의류,티셔츠,20%+7% 헤지스남성 캐주얼룩모음 티셔츠/팬츠/점퍼,3083,1478,http://item.gmarket.co.kr/Item?goodscode=2106646033
브랜드패션,브랜드의류,브랜드 남성의류,라운드티셔츠,20%+7% 헤지스남성 캐주얼룩모음 티셔츠/팬츠/점퍼,3083,1478,http://item.gmarket.co.kr/Item?goodscode=2106646033
브랜드패션,브랜드의류,브랜드 남성의류,팬츠, 여성  매장동일 탑텐(TOP10) 기모 조거 팬츠 3종,2578,0,http://item.gmarket.co.kr/Item?goodscode=2250259849
브랜드패션,브랜드의류,브랜드 남성의류,팬츠,20+7% 컨셉원 겨울 BEST 슬랙스/아우터/스웨터,6134,1900,http://item.gmarket.co.kr/Item?goodscode=1793463064
브랜드패션,브랜드의류,브랜드 남성의류,면팬츠/치노팬츠, 여성  매장동일 탑텐(TOP10) 기모 조거 팬츠 3종,2578,0,http://item.gmarket.co.kr/Item?goodscode=2250259849
브랜드패션,브랜드의류,브랜드 남성의류,슬랙스,20+7% 컨셉원 겨울 BEST 슬랙스/아우터/스웨터,6134,1900,http://item.gmarket.co.kr/Item?goodscode=1793463064
브랜드패션,브랜드의류,브랜드 남성의류,반바지, 1+1  마운틴벨리 겨울 남성 플리스 본딩 기본 팬츠/ 마운틴 벨리,16753,4257,http://item.gmarket.co.kr/Item?goodscode=1137995278
브랜드패션,브랜드의류,브랜드 남성의류,패딩/다운 코트,(신세계강남점)FW 경량 하이넥 구스다운 코트 6종 택1,1804,823,http://item.gmarket.co.kr/Item?goodscode=1913495624
브랜드패션,브랜드의류,브랜드 진/캐쥬얼,티셔츠/셔츠,20%+10%게스 신상 수지 패딩 외 공용겨울BEST,120012,59790,http://item.gmarket.co.kr/Item?goodscode=1267464808
브랜드패션,브랜드의류,브랜드 진/캐쥬얼,티셔츠/셔츠,20%+7%지오다노 신상 맨투맨/기모 조거/플리스~71%,108525,31055,http://item.gmarket.co.kr/Item?goodscode=1350339365
브랜드패션,브랜드의류,브랜드 진/캐쥬얼,티셔츠/셔츠,체이스컬트 HOT 겨울준비 맨투맨/니트/베스트 외,19310,8580,http://item.gmarket.co.kr/Item?goodscode=1317639947
브랜드패션,브랜드의류,브랜드 진/캐쥬얼,티셔츠/셔츠,폴햄 외 겨울 SALE 기모 아이템 특가전,2166,408,http://item.gmarket.co.kr/Item?goodscode=2011915015
브랜드패션,브랜드의류,브랜드 진/캐쥬얼,티셔츠/셔츠,20%+10% 쿠폰 게스 겨울 맨투맨데님 BEST,20507,10555,http://item.gmarket.co.kr/Item?goodscode=1829738400
브랜드패션,브랜드의류,브랜드 진/캐쥬얼,티셔츠/셔츠,폴햄 외 FW 데일리룩 패딩/기모/니트 외,9245,4822,http://item.gmarket.co.kr/Item?goodscode=2011913545
브랜드패션,브랜드의류,브랜드 진/캐쥬얼,티셔츠/셔츠,폴햄 외 FW 인기 데일리 모음전,9350,4423,http://item.gmarket.co.kr/Item?goodscode=1924852303
브랜드패션,브랜드의류,브랜드 진/캐쥬얼,티셔츠/셔츠,타미힐피거 FW 남여공용 맨투맨,1449,502,http://item.gmarket.co.kr/Item?goodscode=2224115120
브랜드패션,브랜드의류,브랜드 진/캐쥬얼,기본/라운드/브이넥,20%+10%게스 신상 수지 패딩 외 공용겨울BEST,120012,59790,http://item.gmarket.co.kr/Item?goodscode=1267464808
브랜드패션,브랜드의류,브랜드 진/캐쥬얼,기본/라운드/브이넥,20%+7%지오다노 신상 맨투맨/기모 조거/플리스~71%,108525,31055,http://item.gmarket.co.kr/Item?goodscode=1350339365
브랜드패션,브랜드의류,브랜드 진/캐쥬얼,기본/라운드/브이넥,체이스컬트 HOT 겨울준비 맨투맨/니트/베스트 외,19310,8581,http://item.gmarket.co.kr/Item?goodscode=1317639947
브랜드패션,브랜드의류,브랜드 진/캐쥬얼,기본/라운드/브이넥,20%+10% 쿠폰 게스 겨울 맨투맨데님 BEST,20507,10555,http://item.gmarket.co.kr/Item?goodscode=1829738400
브랜드패션,브랜드의류,브랜드 진/캐쥬얼,맨투맨/후드,폴햄 외 겨울 SALE 기모 아이템 특가전,2166,408,http://item.gmarket.co.kr/Item?goodscode=2011915015
브랜드패션,브랜드의류,브랜드 진/캐쥬얼,맨투맨/후드,폴햄 외 FW 데일리룩 패딩/기모/니트 외,9245,4822,http://item.gmarket.co.kr/Item?goodscode=2011913545
브랜드패션,브랜드의류,브랜드 진/캐쥬얼,맨투맨/후드,폴햄 외 FW 인기 데일리 모음전,9350,4423,http://item.gmarket.co.kr/Item?goodscode=1924852303
브랜드패션,브랜드의류,브랜드 진/캐쥬얼,맨투맨/후드,타미힐피거 FW 남여공용 맨투맨,1449,502,http://item.gmarket.co.kr/Item?goodscode=2224115120
브랜드패션,브랜드의류,브랜드 진/캐쥬얼,자켓/점퍼/코트,20+10% 지오다노신상 패딩/경량/맨투맨/팬츠/코트~76%,15722,5534,http://item.gmarket.co.kr/Item?goodscode=2010886220
브랜드패션,브랜드의류,브랜드 진/캐쥬얼,자켓/점퍼/코트,흄/스위브/카이 - 경량/플리스/자켓/코트/데님 ~79%,4467,2005,http://item.gmarket.co.kr/Item?goodscode=1760159591
브랜드패션,브랜드의류,브랜드 진/캐쥬얼,자켓/점퍼/코트,20%+7%지오다노 슬랙스/니트/겨울셔츠 up to 74,4857,1973,http://item.gmarket.co.kr/Item?goodscode=1923881052
브랜드패션,브랜드의류,브랜드 진/캐쥬얼,다운/패딩,20+10% 지오다노신상 패딩/경량/맨투맨/팬츠/코트~76%,15722,5534,http://item.gmarket.co.kr/Item?goodscode=2010886220
브랜드패션,브랜드의류,브랜드 진/캐쥬얼,자켓,20%+7%지오다노 슬랙스/니트/겨울셔츠 up to 74,4857,1973,http://item.gmarket.co.kr/Item?goodscode=1923881052
브랜드패션,브랜드의류,브랜드 진/캐쥬얼,코트,흄/스위브/카이 - 경량/플리스/자켓/코트/데님 ~79%,4467,2005,http://item.gmarket.co.kr/Item?goodscode=1760159591
브랜드패션,브랜드의류,브랜드 진/캐쥬얼,티셔츠/셔츠,20%+10%게스 신상 수지 패딩 외 공용겨울BEST,120011,59790,http://item.gmarket.co.kr/Item?goodscode=1267464808
브랜드패션,브랜드의류,브랜드 진/캐쥬얼,티셔츠/셔츠,20%+7%지오다노 신상 맨투맨/기모 조거/플리스~71%,108525,31055,http://item.gmarket.co.kr/Item?goodscode=1350339365
브랜드패션,브랜드의류,브랜드 진/캐쥬얼,티셔츠/셔츠,체이스컬트 HOT 겨울준비 맨투맨/니트/베스트 외,19310,8581,http://item.gmarket.co.kr/Item?goodscode=1317639947
브랜드패션,브랜드의류,브랜드 진/캐쥬얼,티셔츠/셔츠,폴햄 외 겨울 SALE 기모 아이템 특가전,2166,408,http://item.gmarket.co.kr/Item?goodscode=2011915015
브랜드패션,브랜드의류,브랜드 진/캐쥬얼,티셔츠/셔츠,20%+10% 쿠폰 게스 겨울 맨투맨데님 BEST,20507,10555,http://item.gmarket.co.kr/Item?goodscode=1829738400
브랜드패션,브랜드의류,브랜드 진/캐쥬얼,티셔츠/셔츠,폴햄 외 FW 데일리룩 패딩/기모/니트 외,9245,4822,http://item.gmarket.co.kr/Item?goodscode=2011913545
브랜드패션,브랜드의류,브랜드 진/캐쥬얼,티셔츠/셔츠,폴햄 외 FW 인기 데일리 모음전,9350,4423,http://item.gmarket.co.kr/Item?goodscode=1924852303
브랜드패션,브랜드의류,브랜드 진/캐쥬얼,티셔츠/셔츠,타미힐피거 FW 남여공용 맨투맨,1449,502,http://item.gmarket.co.kr/Item?goodscode=2224115120
브랜드패션,브랜드의류,브랜드 진/캐쥬얼,기본/라운드/브이넥,20%+10%게스 신상 수지 패딩 외 공용겨울BEST,120011,59790,http://item.gmarket.co.kr/Item?goodscode=1267464808
브랜드패션,브랜드의류,브랜드 진/캐쥬얼,기본/라운드/브이넥,20%+7%지오다노 신상 맨투맨/기모 조거/플리스~71%,108527,31055,http://item.gmarket.co.kr/Item?goodscode=1350339365
브랜드패션,브랜드의류,브랜드 진/캐쥬얼,기본/라운드/브이넥,체이스컬트 HOT 겨울준비 맨투맨/니트/베스트 외,19310,8581,http://item.gmarket.co.kr/Item?goodscode=1317639947
브랜드패션,브랜드의류,브랜드 진/캐쥬얼,기본/라운드/브이넥,20%+10% 쿠폰 게스 겨울 맨투맨데님 BEST,20507,10555,http://item.gmarket.co.kr/Item?goodscode=1829738400
브랜드패션,브랜드의류,브랜드 진/캐쥬얼,맨투맨/후드,폴햄 외 겨울 SALE 기모 아이템 특가전,2166,408,http://item.gmarket.co.kr/Item?goodscode=2011915015
브랜드패션,브랜드의류,브랜드 진/캐쥬얼,맨투맨/후드,폴햄 외 FW 데일리룩 패딩/기모/니트 외,9245,4822,http://item.gmarket.co.kr/Item?goodscode=2011913545
브랜드패션,브랜드의류,브랜드 진/캐쥬얼,맨투맨/후드,폴햄 외 FW 인기 데일리 모음전,9350,4423,http://item.gmarket.co.kr/Item?goodscode=1924852303
브랜드패션,브랜드의류,브랜드 진/캐쥬얼,맨투맨/후드,타미힐피거 FW 남여공용 맨투맨,1449,502,http://item.gmarket.co.kr/Item?goodscode=2224115120
브랜드패션,브랜드의류,브랜드 진/캐쥬얼,자켓/점퍼/코트,20+10% 지오다노신상 패딩/경량/맨투맨/팬츠/코트~76%,15732,5534,http://item.gmarket.co.kr/Item?goodscode=2010886220
브랜드패션,브랜드의류,브랜드 진/캐쥬얼,자켓/점퍼/코트,흄/스위브/카이 - 경량/플리스/자켓/코트/데님 ~79%,4467,2005,http://item.gmarket.co.kr/Item?goodscode=1760159591
브랜드패션,브랜드의류,브랜드 진/캐쥬얼,자켓/점퍼/코트,20%+7%지오다노 슬랙스/니트/겨울셔츠 up to 74,4857,1973,http://item.gmarket.co.kr/Item?goodscode=1923881052
브랜드패션,브랜드의류,브랜드 진/캐쥬얼,다운/패딩,20+10% 지오다노신상 패딩/경량/맨투맨/팬츠/코트~76%,15732,5534,http://item.gmarket.co.kr/Item?goodscode=2010886220
브랜드패션,브랜드의류,브랜드 진/캐쥬얼,자켓,20%+7%지오다노 슬랙스/니트/겨울셔츠 up to 74,4857,1973,http://item.gmarket.co.kr/Item?goodscode=1923881052
브랜드패션,브랜드의류,브랜드 진/캐쥬얼,코트,흄/스위브/카이 - 경량/플리스/자켓/코트/데님 ~79%,4467,2005,http://item.gmarket.co.kr/Item?goodscode=1760159591
