브랜드패션,스포츠브랜드,브랜드 아웃도어,남성등산의류, 컬럼비아  남여 플리스 자켓 C24-WE3220,11446,3583,http://item.gmarket.co.kr/Item?goodscode=1912472472
브랜드패션,스포츠브랜드,브랜드 아웃도어,남성등산의류,웨스트우드 다운/패딩/이너 외 빅세일전,34605,13138,http://item.gmarket.co.kr/Item?goodscode=1373677338
브랜드패션,스포츠브랜드,브랜드 아웃도어,남성등산티셔츠,웨스트우드 다운/패딩/이너 외 빅세일전,34605,13138,http://item.gmarket.co.kr/Item?goodscode=1373677338
브랜드패션,스포츠브랜드,브랜드 아웃도어,남성등산티셔츠,웨스트우드 best 경량/다운/플리스 빅세일전,19806,11234,http://item.gmarket.co.kr/Item?goodscode=1735731405
브랜드패션,스포츠브랜드,브랜드 아웃도어,남성등산자켓, 컬럼비아  남여 플리스 자켓 C24-WE3220,11446,3583,http://item.gmarket.co.kr/Item?goodscode=1912472472
브랜드패션,스포츠브랜드,브랜드 아웃도어,남성등산자켓,신상/이월 겨울대비 아우터 플리스/다운/긴팔티/팬츠,4443,2107,http://item.gmarket.co.kr/Item?goodscode=1900504646
브랜드패션,스포츠브랜드,브랜드 아웃도어,남성등산바지,WD고급원턱무지바지 1+1 겨울 등산바지 작업바지 모음,6699,2040,http://item.gmarket.co.kr/Item?goodscode=1750636639
브랜드패션,스포츠브랜드,브랜드 아웃도어,여성등산티셔츠,몽벨가을빅세일 아우터/바람막이/티셔츠/팬츠 외,2046,1037,http://item.gmarket.co.kr/Item?goodscode=2216778296
브랜드패션,스포츠브랜드,브랜드 아웃도어,등산화/트레킹화,콜맨 48종모음 할인 캠핑슈즈 뮬 트래킹화 키즈운동화,49599,3842,http://item.gmarket.co.kr/Item?goodscode=763462208
브랜드패션,스포츠브랜드,브랜드 아웃도어,트레킹화,콜맨 48종모음 할인 캠핑슈즈 뮬 트래킹화 키즈운동화,49599,3842,http://item.gmarket.co.kr/Item?goodscode=763462208
브랜드패션,스포츠브랜드,브랜드 아웃도어,등산잡화/배낭,2021 등산양말10켤레 남성 여성 스포츠 작업 겨울,21140,893,http://item.gmarket.co.kr/Item?goodscode=197055370
브랜드패션,스포츠브랜드,브랜드 아웃도어,등산양말,2021 등산양말10켤레 남성 여성 스포츠 작업 겨울,21140,893,http://item.gmarket.co.kr/Item?goodscode=197055370
브랜드패션,스포츠브랜드,브랜드 아웃도어,등산양말,써미트 스포츠 남여 등산양말 6족,20911,4908,http://item.gmarket.co.kr/Item?goodscode=1679026491
브랜드패션,스포츠브랜드,브랜드 아웃도어,등산배낭,  무료배송  트렉스타 하딩 30L 배낭/3D에어 등판/레인커버 포함/가벼운 산행,2003,675,http://item.gmarket.co.kr/Item?goodscode=1687823641
브랜드패션,스포츠브랜드,브랜드 아웃도어,등산장비,마이핫보온대160g(50개입) 사은품 2021년최신 군용핫팩,11262,1296,http://item.gmarket.co.kr/Item?goodscode=1520633112
브랜드패션,스포츠브랜드,브랜드 아웃도어,등산장비,프리미엄 핫팩(RED) 30매 국내유일FDA승인 ISO환경인증,395509,5306,http://item.gmarket.co.kr/Item?goodscode=318156411
브랜드패션,스포츠브랜드,브랜드 아웃도어,등산장비,하루온팩(50개입) 붙이는핫팩 2021년 최신제조,7723,1351,http://item.gmarket.co.kr/Item?goodscode=1520664846
브랜드패션,스포츠브랜드,브랜드 아웃도어,등산장비,핫앤핫 일반형 핫팩(RED) 30매입 군용  美FDA ISO환경,39565,1489,http://item.gmarket.co.kr/Item?goodscode=1159073670
브랜드패션,스포츠브랜드,브랜드 아웃도어,등산장비,국산 해피데이 핫팩(포켓용)100g 30매 주머니 손난로,5353,853,http://item.gmarket.co.kr/Item?goodscode=1729176456
브랜드패션,스포츠브랜드,브랜드 아웃도어,등산장비,국내생산 공장직영 해피데이 포켓용 핫팩 D_100g_80ea,47756,5457,http://item.gmarket.co.kr/Item?goodscode=414344802
브랜드패션,스포츠브랜드,브랜드 아웃도어,손전등,XHP70 LED 충전식후레쉬 몬스터파워 줌 서치라이트,1795,310,http://item.gmarket.co.kr/Item?goodscode=1681815702
브랜드패션,스포츠브랜드,브랜드 아웃도어,손전등,(1 + 1) 일상공감 다기능 손전등,1068,212,http://item.gmarket.co.kr/Item?goodscode=1940008817
브랜드패션,스포츠브랜드,브랜드 아웃도어,손전등,루멘 후레쉬 손전등 랜턴 캠핑 텐트 LED 라이트 자석,4873,549,http://item.gmarket.co.kr/Item?goodscode=1118024638
브랜드패션,스포츠브랜드,브랜드 아웃도어,등산스틱,어코드 3단 등산스틱 2P 1세트+케이스 정품케이스 증정,5274,1413,http://item.gmarket.co.kr/Item?goodscode=1536608261
브랜드패션,스포츠브랜드,브랜드 아웃도어,등산스틱,5단 폴딩(접이식) 등산스틱 세트(2ea),1040,341,http://item.gmarket.co.kr/Item?goodscode=1730261008
브랜드패션,스포츠브랜드,브랜드 아웃도어,핫팩,마이핫보온대160g(50개입) 사은품 2021년최신 군용핫팩,11262,1296,http://item.gmarket.co.kr/Item?goodscode=1520633112
브랜드패션,스포츠브랜드,브랜드 아웃도어,핫팩,프리미엄 핫팩(RED) 30매 국내유일FDA승인 ISO환경인증,395509,5306,http://item.gmarket.co.kr/Item?goodscode=318156411
브랜드패션,스포츠브랜드,브랜드 아웃도어,핫팩,하루온팩(50개입) 붙이는핫팩 2021년 최신제조,7723,1351,http://item.gmarket.co.kr/Item?goodscode=1520664846
브랜드패션,스포츠브랜드,브랜드 아웃도어,핫팩,핫앤핫 일반형 핫팩(RED) 30매입 군용  美FDA ISO환경,39565,1489,http://item.gmarket.co.kr/Item?goodscode=1159073670
브랜드패션,스포츠브랜드,브랜드 아웃도어,핫팩,국산 해피데이 핫팩(포켓용)100g 30매 주머니 손난로,5353,853,http://item.gmarket.co.kr/Item?goodscode=1729176456
브랜드패션,스포츠브랜드,브랜드 아웃도어,핫팩,국내생산 공장직영 해피데이 포켓용 핫팩 D_100g_80ea,47756,5457,http://item.gmarket.co.kr/Item?goodscode=414344802
브랜드패션,스포츠브랜드,브랜드 아웃도어,스패츠,붙이는 하루핫팩 10p x 5개 하루온팩/핫팩,3675,134,http://item.gmarket.co.kr/Item?goodscode=1244650524
브랜드패션,스포츠브랜드,브랜드 아웃도어,남성등산의류, 컬럼비아  남여 플리스 자켓 C24-WE3220,11446,3583,http://item.gmarket.co.kr/Item?goodscode=1912472472
브랜드패션,스포츠브랜드,브랜드 아웃도어,남성등산의류,웨스트우드 다운/패딩/이너 외 빅세일전,34605,13138,http://item.gmarket.co.kr/Item?goodscode=1373677338
브랜드패션,스포츠브랜드,브랜드 아웃도어,남성등산의류,밀레 본사 플리스 다운 패딩 경량 티셔츠  바지,7238,3791,http://item.gmarket.co.kr/Item?goodscode=2150734118
브랜드패션,스포츠브랜드,브랜드 아웃도어,남성등산티셔츠,웨스트우드 다운/패딩/이너 외 빅세일전,34605,13138,http://item.gmarket.co.kr/Item?goodscode=1373677338
브랜드패션,스포츠브랜드,브랜드 아웃도어,남성등산티셔츠,웨스트우드 best 경량/다운/플리스 빅세일전,19806,11234,http://item.gmarket.co.kr/Item?goodscode=1735731405
브랜드패션,스포츠브랜드,브랜드 아웃도어,남성등산자켓, 컬럼비아  남여 플리스 자켓 C24-WE3220,11446,3583,http://item.gmarket.co.kr/Item?goodscode=1912472472
브랜드패션,스포츠브랜드,브랜드 아웃도어,남성등산자켓,신상/이월 겨울대비 아우터 플리스/다운/긴팔티/팬츠,4443,2107,http://item.gmarket.co.kr/Item?goodscode=1900504646
브랜드패션,스포츠브랜드,브랜드 아웃도어,남성등산점퍼,밀레 본사 플리스 다운 패딩 경량 티셔츠  바지,7238,3791,http://item.gmarket.co.kr/Item?goodscode=2150734118
브랜드패션,스포츠브랜드,브랜드 아웃도어,남성등산바지,WD고급원턱무지바지 1+1 겨울 등산바지 작업바지 모음,6699,2040,http://item.gmarket.co.kr/Item?goodscode=1750636639
브랜드패션,스포츠브랜드,브랜드 아웃도어,여성등산티셔츠,몽벨가을빅세일 아우터/바람막이/티셔츠/팬츠 외,2046,1037,http://item.gmarket.co.kr/Item?goodscode=2216778296
브랜드패션,스포츠브랜드,브랜드 아웃도어,등산화/트레킹화,콜맨 48종모음 할인 캠핑슈즈 뮬 트래킹화 키즈운동화,49599,3842,http://item.gmarket.co.kr/Item?goodscode=763462208
브랜드패션,스포츠브랜드,브랜드 아웃도어,트레킹화,콜맨 48종모음 할인 캠핑슈즈 뮬 트래킹화 키즈운동화,49599,3842,http://item.gmarket.co.kr/Item?goodscode=763462208
브랜드패션,스포츠브랜드,브랜드 아웃도어,등산잡화/배낭,2021 등산양말10켤레 남성 여성 스포츠 작업 겨울,21140,893,http://item.gmarket.co.kr/Item?goodscode=197055370
브랜드패션,스포츠브랜드,브랜드 아웃도어,등산양말,2021 등산양말10켤레 남성 여성 스포츠 작업 겨울,21140,893,http://item.gmarket.co.kr/Item?goodscode=197055370
브랜드패션,스포츠브랜드,브랜드 아웃도어,등산양말,써미트 스포츠 남여 등산양말 6족,20911,4908,http://item.gmarket.co.kr/Item?goodscode=1679026491
브랜드패션,스포츠브랜드,브랜드 아웃도어,등산배낭,  무료배송  트렉스타 하딩 30L 배낭/3D에어 등판/레인커버 포함/가벼운 산행,2003,675,http://item.gmarket.co.kr/Item?goodscode=1687823641
브랜드패션,스포츠브랜드,브랜드 아웃도어,등산장비,마이핫보온대160g(50개입) 사은품 2021년최신 군용핫팩,11262,1296,http://item.gmarket.co.kr/Item?goodscode=1520633112
브랜드패션,스포츠브랜드,브랜드 아웃도어,등산장비,프리미엄 핫팩(RED) 30매 국내유일FDA승인 ISO환경인증,395509,5306,http://item.gmarket.co.kr/Item?goodscode=318156411
브랜드패션,스포츠브랜드,브랜드 아웃도어,등산장비,하루온팩(50개입) 붙이는핫팩 2021년 최신제조,7723,1351,http://item.gmarket.co.kr/Item?goodscode=1520664846
브랜드패션,스포츠브랜드,브랜드 아웃도어,등산장비,핫앤핫 일반형 핫팩(RED) 30매입 군용  美FDA ISO환경,39565,1489,http://item.gmarket.co.kr/Item?goodscode=1159073670
브랜드패션,스포츠브랜드,브랜드 아웃도어,등산장비,국산 해피데이 핫팩(포켓용)100g 30매 주머니 손난로,5353,853,http://item.gmarket.co.kr/Item?goodscode=1729176456
브랜드패션,스포츠브랜드,브랜드 아웃도어,등산장비,국내생산 공장직영 해피데이 포켓용 핫팩 D_100g_80ea,47756,5457,http://item.gmarket.co.kr/Item?goodscode=414344802
브랜드패션,스포츠브랜드,브랜드 아웃도어,손전등,XHP70 LED 충전식후레쉬 몬스터파워 줌 서치라이트,1795,310,http://item.gmarket.co.kr/Item?goodscode=1681815702
브랜드패션,스포츠브랜드,브랜드 아웃도어,손전등,(1 + 1) 일상공감 다기능 손전등,1068,212,http://item.gmarket.co.kr/Item?goodscode=1940008817
브랜드패션,스포츠브랜드,브랜드 아웃도어,손전등,루멘 후레쉬 손전등 랜턴 캠핑 텐트 LED 라이트 자석,4873,549,http://item.gmarket.co.kr/Item?goodscode=1118024638
브랜드패션,스포츠브랜드,브랜드 아웃도어,등산스틱,어코드 3단 등산스틱 2P 1세트+케이스 정품케이스 증정,5274,1413,http://item.gmarket.co.kr/Item?goodscode=1536608261
브랜드패션,스포츠브랜드,브랜드 아웃도어,등산스틱,5단 폴딩(접이식) 등산스틱 세트(2ea),1040,341,http://item.gmarket.co.kr/Item?goodscode=1730261008
브랜드패션,스포츠브랜드,브랜드 아웃도어,핫팩,마이핫보온대160g(50개입) 사은품 2021년최신 군용핫팩,11262,1296,http://item.gmarket.co.kr/Item?goodscode=1520633112
브랜드패션,스포츠브랜드,브랜드 아웃도어,핫팩,프리미엄 핫팩(RED) 30매 국내유일FDA승인 ISO환경인증,395509,5306,http://item.gmarket.co.kr/Item?goodscode=318156411
브랜드패션,스포츠브랜드,브랜드 아웃도어,핫팩,하루온팩(50개입) 붙이는핫팩 2021년 최신제조,7723,1351,http://item.gmarket.co.kr/Item?goodscode=1520664846
브랜드패션,스포츠브랜드,브랜드 아웃도어,핫팩,핫앤핫 일반형 핫팩(RED) 30매입 군용  美FDA ISO환경,39565,1489,http://item.gmarket.co.kr/Item?goodscode=1159073670
브랜드패션,스포츠브랜드,브랜드 아웃도어,핫팩,국산 해피데이 핫팩(포켓용)100g 30매 주머니 손난로,5353,853,http://item.gmarket.co.kr/Item?goodscode=1729176456
브랜드패션,스포츠브랜드,브랜드 아웃도어,핫팩,국내생산 공장직영 해피데이 포켓용 핫팩 D_100g_80ea,47756,5457,http://item.gmarket.co.kr/Item?goodscode=414344802
브랜드패션,스포츠브랜드,브랜드 아웃도어,스패츠,붙이는 하루핫팩 10p x 5개 하루온팩/핫팩,3675,134,http://item.gmarket.co.kr/Item?goodscode=1244650524
브랜드패션,스포츠브랜드,브랜드 스포츠패션,스포츠남성의류,20%빅스특가 훼르자 롱패딩 실키 양털 후리스 플리스,21519,2011,http://item.gmarket.co.kr/Item?goodscode=1148453609
브랜드패션,스포츠브랜드,브랜드 스포츠패션,스포츠남성의류,20%쿠폰 겨울후리스/패딩자켓/기모바지/기모세트 반값,59766,10783,http://item.gmarket.co.kr/Item?goodscode=611520618
브랜드패션,스포츠브랜드,브랜드 스포츠패션,남성스포츠재킷,겨울 필수템 다운자켓/다운코드/의류 모음전,3041,1411,http://item.gmarket.co.kr/Item?goodscode=1897517499
브랜드패션,스포츠브랜드,브랜드 스포츠패션,남성스포츠점퍼,20%빅스특가 훼르자 롱패딩 실키 양털 후리스 플리스,21519,2011,http://item.gmarket.co.kr/Item?goodscode=1148453609
브랜드패션,스포츠브랜드,브랜드 스포츠패션,남성스포츠조끼,최종가79200원 따스미 발열조끼 온열 2022 리뉴얼,1493,162,http://item.gmarket.co.kr/Item?goodscode=1502234500
브랜드패션,스포츠브랜드,브랜드 스포츠패션,남성트레이닝복,20%쿠폰 겨울후리스/패딩자켓/기모바지/기모세트 반값,59766,10783,http://item.gmarket.co.kr/Item?goodscode=611520618
브랜드패션,스포츠브랜드,브랜드 스포츠패션,남성트레이닝복,반값찬스 겨울바지 6900원/패딩조끼/기모티/후리스,23730,11747,http://item.gmarket.co.kr/Item?goodscode=1685993202
브랜드패션,스포츠브랜드,브랜드 스포츠패션,남성트레이닝복,아디다스外 신상 트레이닝 팬츠/긴바지/기모바지 모음,74582,7180,http://item.gmarket.co.kr/Item?goodscode=154043411
브랜드패션,스포츠브랜드,브랜드 스포츠패션,남성트레이닝복,25%쿠폰/기모/트레이닝복세트/후드집업/조거팬츠/바지,25101,4055,http://item.gmarket.co.kr/Item?goodscode=671471434
브랜드패션,스포츠브랜드,브랜드 스포츠패션,남성트레이닝복,아디다스/나이키 세레노 트레이닝복/팬츠/맨투맨/후드,10078,910,http://item.gmarket.co.kr/Item?goodscode=1510208019
브랜드패션,스포츠브랜드,브랜드 스포츠패션,남성스포츠티셔츠,나이키 정품 후드/집업/맨투맨/팬츠 모음,1063,459,http://item.gmarket.co.kr/Item?goodscode=1914738908
브랜드패션,스포츠브랜드,브랜드 스포츠패션,남성스포츠티셔츠,20%쿠폰 FW 아우터 /경량패딩/플리스/패딩/자켓/후드,1456,752,http://item.gmarket.co.kr/Item?goodscode=1918962682
브랜드패션,스포츠브랜드,브랜드 스포츠패션,여성스포츠스커트,아디다스 본사스커트 /FL0039,1048,426,http://item.gmarket.co.kr/Item?goodscode=1907295291
브랜드패션,스포츠브랜드,브랜드 스포츠패션,스포츠화,남성여성 방수기능 워킹화/런닝화 운동화 7종,1232,324,http://item.gmarket.co.kr/Item?goodscode=2266501027
브랜드패션,스포츠브랜드,브랜드 스포츠패션,스포츠화,크록스/라이트라이드/크록밴드/바야밴드/슬리퍼/샌들,4296,726,http://item.gmarket.co.kr/Item?goodscode=2224417899
브랜드패션,스포츠브랜드,브랜드 스포츠패션,런닝화,남성여성 방수기능 워킹화/런닝화 운동화 7종,1232,324,http://item.gmarket.co.kr/Item?goodscode=2266501027
브랜드패션,스포츠브랜드,브랜드 스포츠패션,스포츠샌들,(20%쿠폰) 본사공식 크록스 BEST 37종 택 (G110121),37815,7844,http://item.gmarket.co.kr/Item?goodscode=1205483415
브랜드패션,스포츠브랜드,브랜드 스포츠패션,스포츠샌들,크록스공식(CROCS) 성인 FW 바야라인드 6종 택 (털클로그/퍼),1319,244,http://item.gmarket.co.kr/Item?goodscode=2252288145
브랜드패션,스포츠브랜드,브랜드 스포츠패션,아쿠아슈즈, 프로스펙스  남성여성 방수소재 초경량 런닝화/운동화/워킹화 스피드레이서 101 102 1,1991,853,http://item.gmarket.co.kr/Item?goodscode=1795063548
브랜드패션,스포츠브랜드,브랜드 스포츠패션,스포츠슬리퍼,크록스/라이트라이드/크록밴드/바야밴드/슬리퍼/샌들,4296,726,http://item.gmarket.co.kr/Item?goodscode=2224417899
브랜드패션,스포츠브랜드,브랜드 스포츠패션,스포츠이너웨어,남자 여자 기능성티셔츠 타이즈 레깅스 헬스복 운동복,12787,752,http://item.gmarket.co.kr/Item?goodscode=847323017
브랜드패션,스포츠브랜드,브랜드 스포츠패션,스포츠브라,심리스 빅사이즈 스포츠브라 2매세트 브라탑,2036,685,http://item.gmarket.co.kr/Item?goodscode=1831488021
브랜드패션,스포츠브랜드,브랜드 스포츠패션,스포츠브라,민소매티 롱나시티 3부 5부 7부 레깅스 망고 끈나시,5911,6,http://item.gmarket.co.kr/Item?goodscode=515456219
브랜드패션,스포츠브랜드,브랜드 스포츠패션,언더레이어,남자 여자 기능성티셔츠 타이즈 레깅스 헬스복 운동복,12787,752,http://item.gmarket.co.kr/Item?goodscode=847323017
브랜드패션,스포츠브랜드,브랜드 스포츠패션,스포츠힙색/허리색,나이키/아디다스/뉴에라 오거나이저/힙색/가방/팀백,11094,4765,http://item.gmarket.co.kr/Item?goodscode=177482771
브랜드패션,스포츠브랜드,브랜드 스포츠패션,스포츠잡화,5매 쿨 3매 구리 숨쉬기 편한 스포츠 항균 마스크,10874,3747,http://item.gmarket.co.kr/Item?goodscode=1984578296
브랜드패션,스포츠브랜드,브랜드 스포츠패션,스포츠스카프/넥워머,K2 넥워머 목토시 겨울 방한 용품 넥게이트 워머,4902,411,http://item.gmarket.co.kr/Item?goodscode=1521402897
브랜드패션,스포츠브랜드,브랜드 스포츠패션,스포츠마스크/바라클라바,5매 쿨 3매 구리 숨쉬기 편한 스포츠 항균 마스크,10874,3747,http://item.gmarket.co.kr/Item?goodscode=1984578296
브랜드패션,스포츠브랜드,브랜드 스포츠패션,스포츠마스크/바라클라바,22%쿠폰/KF94블랙/특대형/중형/소형 마스크,1630,499,http://item.gmarket.co.kr/Item?goodscode=1846584612
브랜드패션,스포츠브랜드,브랜드 스포츠패션,스포츠마스크/바라클라바,에어에이드 국산필터 컬러마스크 평면형 50매입 KC인증,2456,716,http://item.gmarket.co.kr/Item?goodscode=2070784870
브랜드패션,스포츠브랜드,브랜드 스포츠패션,스포츠마스크/바라클라바,빨아쓰는 항균 비말차단 패션 연예인 마스크 단품,5277,905,http://item.gmarket.co.kr/Item?goodscode=2092840561
브랜드패션,스포츠브랜드,브랜드 스포츠패션,스포츠마스크/바라클라바,(1 + 1) 릴렉시즘 항균 쿨마스크,5872,1021,http://item.gmarket.co.kr/Item?goodscode=2104262358
브랜드패션,스포츠브랜드,브랜드 스포츠패션,스포츠귀마개,K2 귀마개 겨울 방한 귀도리 귀덮개 용품 FREE,8194,701,http://item.gmarket.co.kr/Item?goodscode=1521314279
브랜드패션,스포츠브랜드,브랜드 스포츠패션,깔창/신발끈,나노솔 신발깔창 기능성 특수깔창 탁월한 편안함,32270,1676,http://item.gmarket.co.kr/Item?goodscode=356880148
브랜드패션,스포츠브랜드,브랜드 스포츠패션,깔창/신발끈,루아르모 1+1 기능성 메모리폼 라텍스 쿠션 신발 깔창,2113,627,http://item.gmarket.co.kr/Item?goodscode=1793755634
브랜드패션,스포츠브랜드,브랜드 스포츠패션,스포츠양말,아디다스/나이키 양말/학생양말/목양말/삭스 모음전,3340,1618,http://item.gmarket.co.kr/Item?goodscode=1633001086
브랜드패션,스포츠브랜드,브랜드 스포츠패션,스포츠양말,남성 스포츠양말 넥투라인 로고 5족,8962,3805,http://item.gmarket.co.kr/Item?goodscode=1946576894
브랜드패션,스포츠브랜드,브랜드 스포츠패션,스포츠양말,이중파일 바닥 쿠션 스포츠양말 등산양말 삼선중목 5족,2717,889,http://item.gmarket.co.kr/Item?goodscode=1907010382
브랜드패션,스포츠브랜드,브랜드 스포츠패션,스포츠양말,20%쿠폰 아디다스/리복/컬럼비아 양말 크루삭스,1178,539,http://item.gmarket.co.kr/Item?goodscode=1961075148
브랜드패션,스포츠브랜드,브랜드 스포츠패션,스포츠헤어밴드/두건,나이키 헤드밴드 AC2285-010 머리띠 러닝 머리끈,2172,144,http://item.gmarket.co.kr/Item?goodscode=848332555
브랜드패션,스포츠브랜드,브랜드 스포츠패션,스포츠타월,아레나스포츠타올(AOAAX05)가네보 습식타올 답례품,14716,136,http://item.gmarket.co.kr/Item?goodscode=172558038
브랜드패션,스포츠브랜드,브랜드 스포츠패션,스포츠보호용품,관절사랑 타이트 무릎 보호대 (2p 1set) / 아대 밴드,13467,4992,http://item.gmarket.co.kr/Item?goodscode=1597974889
브랜드패션,스포츠브랜드,브랜드 스포츠패션,스포츠보호용품,의료용 K-LEGEND통판 허리보호대 허리디스크 복대벨트,3921,714,http://item.gmarket.co.kr/Item?goodscode=949867809
브랜드패션,스포츠브랜드,브랜드 스포츠패션,기타스포츠보호용품,카프슬리브 종아리보호대 다리 압박스타킹 보온 2개입,1030,52,http://item.gmarket.co.kr/Item?goodscode=465280827
브랜드패션,스포츠브랜드,브랜드 스포츠패션,허리보호대,의료용 K-LEGEND통판 허리보호대 허리디스크 복대벨트,3921,714,http://item.gmarket.co.kr/Item?goodscode=949867809
브랜드패션,스포츠브랜드,브랜드 스포츠패션,무릎보호대,관절사랑 타이트 무릎 보호대 (2p 1set) / 아대 밴드,13467,4993,http://item.gmarket.co.kr/Item?goodscode=1597974889
브랜드패션,스포츠브랜드,브랜드 스포츠패션,발목보호대,슬림 2중압박형 발목보호대 SP2  테이핑요법 발목아대,1327,456,http://item.gmarket.co.kr/Item?goodscode=1735702139
브랜드패션,스포츠브랜드,브랜드 스포츠패션,테이핑,인피니트스포츠 1롤특가(5cm/5m)9가지색상/테이핑,139413,2729,http://item.gmarket.co.kr/Item?goodscode=719936181
브랜드패션,스포츠브랜드,브랜드 스포츠패션,스포츠기타용품,전자호루라기 세이프 메이트3 휘슬 호각 USB충전 LED,1051,16,http://item.gmarket.co.kr/Item?goodscode=2018632195
브랜드패션,스포츠브랜드,브랜드 스포츠패션,점수판/작전판,지아이엘 스포츠 점수판 탁구 스코어보드 스코어판,1869,16,http://item.gmarket.co.kr/Item?goodscode=771774387
브랜드패션,스포츠브랜드,브랜드 스포츠패션,호루라기,전자호루라기 세이프 메이트3 휘슬 호각 USB충전 LED,1051,16,http://item.gmarket.co.kr/Item?goodscode=2018632195
브랜드패션,스포츠브랜드,브랜드 스포츠패션,계수기,최저가 미니 디지털 카운터기/만보계/손가락/계수기,33824,27,http://item.gmarket.co.kr/Item?goodscode=941247219
브랜드패션,스포츠브랜드,브랜드 스포츠패션,계수기,정밀 기계식 계수기 숫자 카운트 카운터 카운터기,4334,33,http://item.gmarket.co.kr/Item?goodscode=110152558
브랜드패션,스포츠브랜드,브랜드 스포츠패션,스포츠남성의류,20%빅스특가 훼르자 롱패딩 실키 양털 후리스 플리스,21519,2011,http://item.gmarket.co.kr/Item?goodscode=1148453609
브랜드패션,스포츠브랜드,브랜드 스포츠패션,스포츠남성의류,20%쿠폰 겨울후리스/패딩자켓/기모바지/기모세트 반값,59766,10783,http://item.gmarket.co.kr/Item?goodscode=611520618
브랜드패션,스포츠브랜드,브랜드 스포츠패션,남성스포츠재킷,겨울 필수템 다운자켓/다운코드/의류 모음전,3041,1411,http://item.gmarket.co.kr/Item?goodscode=1897517499
브랜드패션,스포츠브랜드,브랜드 스포츠패션,남성스포츠점퍼,20%빅스특가 훼르자 롱패딩 실키 양털 후리스 플리스,21519,2011,http://item.gmarket.co.kr/Item?goodscode=1148453609
브랜드패션,스포츠브랜드,브랜드 스포츠패션,남성스포츠조끼,최종가79200원 따스미 발열조끼 온열 2022 리뉴얼,1493,162,http://item.gmarket.co.kr/Item?goodscode=1502234500
브랜드패션,스포츠브랜드,브랜드 스포츠패션,남성트레이닝복,20%쿠폰 겨울후리스/패딩자켓/기모바지/기모세트 반값,59766,10783,http://item.gmarket.co.kr/Item?goodscode=611520618
브랜드패션,스포츠브랜드,브랜드 스포츠패션,남성트레이닝복,반값찬스 겨울바지 6900원/패딩조끼/기모티/후리스,23730,11747,http://item.gmarket.co.kr/Item?goodscode=1685993202
브랜드패션,스포츠브랜드,브랜드 스포츠패션,남성트레이닝복,아디다스外 신상 트레이닝 팬츠/긴바지/기모바지 모음,74582,7180,http://item.gmarket.co.kr/Item?goodscode=154043411
브랜드패션,스포츠브랜드,브랜드 스포츠패션,남성트레이닝복,25%쿠폰/기모/트레이닝복세트/후드집업/조거팬츠/바지,25101,4055,http://item.gmarket.co.kr/Item?goodscode=671471434
브랜드패션,스포츠브랜드,브랜드 스포츠패션,남성트레이닝복,아디다스/나이키 세레노 트레이닝복/팬츠/맨투맨/후드,10078,910,http://item.gmarket.co.kr/Item?goodscode=1510208019
브랜드패션,스포츠브랜드,브랜드 스포츠패션,남성스포츠티셔츠,나이키 정품 후드/집업/맨투맨/팬츠 모음,1062,459,http://item.gmarket.co.kr/Item?goodscode=1914738908
브랜드패션,스포츠브랜드,브랜드 스포츠패션,남성스포츠티셔츠,20%쿠폰 FW 아우터 /경량패딩/플리스/패딩/자켓/후드,1456,752,http://item.gmarket.co.kr/Item?goodscode=1918962682
브랜드패션,스포츠브랜드,브랜드 스포츠패션,여성스포츠스커트,아디다스 본사스커트 /FL0039,1048,426,http://item.gmarket.co.kr/Item?goodscode=1907295291
브랜드패션,스포츠브랜드,브랜드 스포츠패션,스포츠화,남성여성 방수기능 워킹화/런닝화 운동화 7종,1232,324,http://item.gmarket.co.kr/Item?goodscode=2266501027
브랜드패션,스포츠브랜드,브랜드 스포츠패션,스포츠화,크록스/라이트라이드/크록밴드/바야밴드/슬리퍼/샌들,4296,726,http://item.gmarket.co.kr/Item?goodscode=2224417899
브랜드패션,스포츠브랜드,브랜드 스포츠패션,런닝화,남성여성 방수기능 워킹화/런닝화 운동화 7종,1232,324,http://item.gmarket.co.kr/Item?goodscode=2266501027
브랜드패션,스포츠브랜드,브랜드 스포츠패션,스포츠샌들,(20%쿠폰) 본사공식 크록스 BEST 37종 택 (G110121),37815,7844,http://item.gmarket.co.kr/Item?goodscode=1205483415
브랜드패션,스포츠브랜드,브랜드 스포츠패션,스포츠샌들,크록스공식(CROCS) 성인 FW 바야라인드 6종 택 (털클로그/퍼),1319,244,http://item.gmarket.co.kr/Item?goodscode=2252288145
브랜드패션,스포츠브랜드,브랜드 스포츠패션,아쿠아슈즈, 프로스펙스  남성여성 방수소재 초경량 런닝화/운동화/워킹화 스피드레이서 101 102 1,1991,853,http://item.gmarket.co.kr/Item?goodscode=1795063548
브랜드패션,스포츠브랜드,브랜드 스포츠패션,스포츠슬리퍼,크록스/라이트라이드/크록밴드/바야밴드/슬리퍼/샌들,4296,726,http://item.gmarket.co.kr/Item?goodscode=2224417899
브랜드패션,스포츠브랜드,브랜드 스포츠패션,스포츠이너웨어,남자 여자 기능성티셔츠 타이즈 레깅스 헬스복 운동복,12787,752,http://item.gmarket.co.kr/Item?goodscode=847323017
브랜드패션,스포츠브랜드,브랜드 스포츠패션,스포츠브라,심리스 빅사이즈 스포츠브라 2매세트 브라탑,2036,685,http://item.gmarket.co.kr/Item?goodscode=1831488021
브랜드패션,스포츠브랜드,브랜드 스포츠패션,스포츠브라,민소매티 롱나시티 3부 5부 7부 레깅스 망고 끈나시,5911,6,http://item.gmarket.co.kr/Item?goodscode=515456219
브랜드패션,스포츠브랜드,브랜드 스포츠패션,언더레이어,남자 여자 기능성티셔츠 타이즈 레깅스 헬스복 운동복,12787,752,http://item.gmarket.co.kr/Item?goodscode=847323017
브랜드패션,스포츠브랜드,브랜드 스포츠패션,스포츠힙색/허리색,나이키/아디다스/뉴에라 오거나이저/힙색/가방/팀백,11094,4765,http://item.gmarket.co.kr/Item?goodscode=177482771
브랜드패션,스포츠브랜드,브랜드 스포츠패션,스포츠잡화,5매 쿨 3매 구리 숨쉬기 편한 스포츠 항균 마스크,10874,3747,http://item.gmarket.co.kr/Item?goodscode=1984578296
브랜드패션,스포츠브랜드,브랜드 스포츠패션,스포츠스카프/넥워머,K2 넥워머 목토시 겨울 방한 용품 넥게이트 워머,4902,411,http://item.gmarket.co.kr/Item?goodscode=1521402897
브랜드패션,스포츠브랜드,브랜드 스포츠패션,스포츠마스크/바라클라바,5매 쿨 3매 구리 숨쉬기 편한 스포츠 항균 마스크,10874,3747,http://item.gmarket.co.kr/Item?goodscode=1984578296
브랜드패션,스포츠브랜드,브랜드 스포츠패션,스포츠마스크/바라클라바,22%쿠폰/KF94블랙/특대형/중형/소형 마스크,1630,499,http://item.gmarket.co.kr/Item?goodscode=1846584612
브랜드패션,스포츠브랜드,브랜드 스포츠패션,스포츠마스크/바라클라바,에어에이드 국산필터 컬러마스크 평면형 50매입 KC인증,2456,716,http://item.gmarket.co.kr/Item?goodscode=2070784870
브랜드패션,스포츠브랜드,브랜드 스포츠패션,스포츠마스크/바라클라바,빨아쓰는 항균 비말차단 패션 연예인 마스크 단품,5277,905,http://item.gmarket.co.kr/Item?goodscode=2092840561
브랜드패션,스포츠브랜드,브랜드 스포츠패션,스포츠마스크/바라클라바,(1 + 1) 릴렉시즘 항균 쿨마스크,5872,1021,http://item.gmarket.co.kr/Item?goodscode=2104262358
브랜드패션,스포츠브랜드,브랜드 스포츠패션,스포츠귀마개,K2 귀마개 겨울 방한 귀도리 귀덮개 용품 FREE,8194,701,http://item.gmarket.co.kr/Item?goodscode=1521314279
브랜드패션,스포츠브랜드,브랜드 스포츠패션,깔창/신발끈,나노솔 신발깔창 기능성 특수깔창 탁월한 편안함,32270,1676,http://item.gmarket.co.kr/Item?goodscode=356880148
브랜드패션,스포츠브랜드,브랜드 스포츠패션,깔창/신발끈,루아르모 1+1 기능성 메모리폼 라텍스 쿠션 신발 깔창,2113,627,http://item.gmarket.co.kr/Item?goodscode=1793755634
브랜드패션,스포츠브랜드,브랜드 스포츠패션,스포츠양말,아디다스/나이키 양말/학생양말/목양말/삭스 모음전,3340,1618,http://item.gmarket.co.kr/Item?goodscode=1633001086
브랜드패션,스포츠브랜드,브랜드 스포츠패션,스포츠양말,남성 스포츠양말 넥투라인 로고 5족,8962,3805,http://item.gmarket.co.kr/Item?goodscode=1946576894
브랜드패션,스포츠브랜드,브랜드 스포츠패션,스포츠양말,이중파일 바닥 쿠션 스포츠양말 등산양말 삼선중목 5족,2717,889,http://item.gmarket.co.kr/Item?goodscode=1907010382
브랜드패션,스포츠브랜드,브랜드 스포츠패션,스포츠양말,20%쿠폰 아디다스/리복/컬럼비아 양말 크루삭스,1178,539,http://item.gmarket.co.kr/Item?goodscode=1961075148
브랜드패션,스포츠브랜드,브랜드 스포츠패션,스포츠헤어밴드/두건,나이키 헤드밴드 AC2285-010 머리띠 러닝 머리끈,2172,144,http://item.gmarket.co.kr/Item?goodscode=848332555
브랜드패션,스포츠브랜드,브랜드 스포츠패션,스포츠타월,아레나스포츠타올(AOAAX05)가네보 습식타올 답례품,14716,136,http://item.gmarket.co.kr/Item?goodscode=172558038
브랜드패션,스포츠브랜드,브랜드 스포츠패션,스포츠보호용품,관절사랑 타이트 무릎 보호대 (2p 1set) / 아대 밴드,13467,4993,http://item.gmarket.co.kr/Item?goodscode=1597974889
브랜드패션,스포츠브랜드,브랜드 스포츠패션,스포츠보호용품,의료용 K-LEGEND통판 허리보호대 허리디스크 복대벨트,3921,714,http://item.gmarket.co.kr/Item?goodscode=949867809
브랜드패션,스포츠브랜드,브랜드 스포츠패션,기타스포츠보호용품,카프슬리브 종아리보호대 다리 압박스타킹 보온 2개입,1030,52,http://item.gmarket.co.kr/Item?goodscode=465280827
브랜드패션,스포츠브랜드,브랜드 스포츠패션,허리보호대,의료용 K-LEGEND통판 허리보호대 허리디스크 복대벨트,3921,714,http://item.gmarket.co.kr/Item?goodscode=949867809
브랜드패션,스포츠브랜드,브랜드 스포츠패션,무릎보호대,관절사랑 타이트 무릎 보호대 (2p 1set) / 아대 밴드,13467,4993,http://item.gmarket.co.kr/Item?goodscode=1597974889
브랜드패션,스포츠브랜드,브랜드 스포츠패션,발목보호대,슬림 2중압박형 발목보호대 SP2  테이핑요법 발목아대,1327,456,http://item.gmarket.co.kr/Item?goodscode=1735702139
브랜드패션,스포츠브랜드,브랜드 스포츠패션,테이핑,인피니트스포츠 1롤특가(5cm/5m)9가지색상/테이핑,139413,2729,http://item.gmarket.co.kr/Item?goodscode=719936181
브랜드패션,스포츠브랜드,브랜드 스포츠패션,스포츠기타용품,전자호루라기 세이프 메이트3 휘슬 호각 USB충전 LED,1051,16,http://item.gmarket.co.kr/Item?goodscode=2018632195
브랜드패션,스포츠브랜드,브랜드 스포츠패션,점수판/작전판,지아이엘 스포츠 점수판 탁구 스코어보드 스코어판,1869,16,http://item.gmarket.co.kr/Item?goodscode=771774387
브랜드패션,스포츠브랜드,브랜드 스포츠패션,호루라기,전자호루라기 세이프 메이트3 휘슬 호각 USB충전 LED,1051,16,http://item.gmarket.co.kr/Item?goodscode=2018632195
브랜드패션,스포츠브랜드,브랜드 스포츠패션,계수기,최저가 미니 디지털 카운터기/만보계/손가락/계수기,33824,27,http://item.gmarket.co.kr/Item?goodscode=941247219
브랜드패션,스포츠브랜드,브랜드 스포츠패션,계수기,정밀 기계식 계수기 숫자 카운트 카운터 카운터기,4334,33,http://item.gmarket.co.kr/Item?goodscode=110152558
